FPS,AVG_FPS,Flachh√§nger,left_x,top_y,width,height
0.0,0.0,100%,423,438,455,257
1.5,0.0,100%,425,439,452,255
2.9,0.0,100%,423,438,455,257
3.8,0.0,100%,425,439,452,254
5.0,0.0,100%,422,437,455,258
6.1,0.0,100%,423,439,455,254
7.0,0.0,100%,423,437,455,257
7.8,0.0,100%,423,438,456,256
8.6,0.0,100%,422,437,457,258
9.3,0.0,100%,422,437,455,259
10.0,0.0,100%,424,439,453,256
10.6,0.0,100%,423,438,454,255
11.2,0.0,100%,423,438,453,258
11.6,0.0,100%,421,438,457,256
12.0,0.0,100%,423,437,455,258
12.4,0.0,100%,422,438,456,261
12.7,0.0,100%,423,438,455,258
13.0,0.0,100%,422,438,456,257
13.3,0.0,100%,423,438,454,258
13.6,0.0,100%,422,438,456,260
13.8,0.0,100%,420,438,458,257
14.0,0.0,100%,420,438,458,258
14.1,0.0,100%,421,438,457,258
14.3,0.0,100%,421,440,457,253
14.4,0.0,100%,423,438,455,256
14.6,0.0,100%,423,438,455,256
14.7,0.0,100%,424,438,453,256
14.8,0.0,100%,423,440,454,255
15.0,0.0,100%,424,437,453,257
15.1,0.0,100%,424,438,454,258
15.2,0.0,100%,420,436,457,260
15.3,0.0,100%,422,439,457,256
15.3,0.0,100%,420,438,459,257
15.4,0.0,100%,423,439,456,256
15.4,0.0,100%,424,437,453,260
15.5,0.0,100%,424,438,454,257
15.5,0.0,100%,422,437,456,256
15.6,0.0,100%,422,437,455,259
15.6,0.0,100%,422,438,455,257
15.7,0.0,100%,425,438,453,257
15.6,0.0,100%,422,437,456,258
15.7,0.0,100%,420,437,457,258
15.7,0.0,100%,423,438,455,257
15.8,0.0,100%,422,437,454,258
15.8,0.0,100%,420,438,457,257
15.8,0.0,100%,421,438,457,256
15.8,0.0,100%,421,437,457,260
15.8,0.0,100%,421,437,457,259
15.8,15.7,100%,423,435,453,259
15.8,15.7,100%,421,436,457,257
15.9,15.7,100%,421,437,456,257
15.9,15.7,100%,423,438,455,258
15.9,15.7,100%,421,438,457,259
15.9,15.7,100%,423,437,455,258
15.9,15.7,100%,422,436,456,261
16.0,15.7,100%,423,437,454,260
16.0,15.7,100%,424,438,453,258
16.0,15.7,100%,424,437,451,259
16.0,15.7,100%,424,438,452,257
16.0,15.7,100%,423,438,456,255
16.0,15.7,100%,423,436,454,259
16.0,15.7,100%,423,437,454,260
16.0,15.7,100%,421,437,457,257
16.0,15.7,100%,423,437,454,257
16.0,15.7,100%,421,437,455,258
16.0,15.7,100%,422,437,456,260
16.0,15.7,100%,421,437,457,260
16.0,15.7,100%,423,438,455,257
15.9,15.7,100%,420,437,458,259
16.0,15.7,100%,423,438,454,258
15.9,15.7,100%,423,437,456,258
16.0,15.7,100%,421,436,457,260
15.9,15.7,100%,423,437,455,259
15.9,15.7,100%,424,437,454,260
15.9,15.7,100%,423,437,455,259
15.9,15.7,100%,421,436,456,259
15.9,15.7,100%,421,438,460,257
15.9,15.7,100%,424,437,454,258
16.0,15.7,100%,424,437,454,257
15.9,15.7,100%,423,436,453,258
15.9,15.7,100%,423,437,454,260
16.0,15.7,100%,422,437,456,259
16.0,15.7,100%,426,438,451,258
16.0,15.7,100%,423,437,454,260
16.0,15.7,100%,423,436,455,260
16.0,15.7,100%,421,437,458,261
15.9,15.7,100%,423,437,454,259
15.9,15.7,99%,424,439,454,255
15.8,15.7,100%,422,438,456,259
15.8,15.7,100%,421,437,456,259
15.8,15.7,100%,424,439,453,255
15.8,15.7,100%,423,438,453,257
15.8,15.7,100%,422,437,456,261
15.8,15.7,100%,423,437,455,260
15.8,15.7,100%,424,437,453,259
15.8,15.7,100%,423,437,454,259
15.8,15.9,100%,421,437,456,259
15.8,15.9,100%,421,437,457,259
15.8,15.9,100%,424,437,453,259
15.8,15.9,100%,423,437,455,258
15.8,15.9,100%,422,437,455,260
15.9,15.9,100%,423,438,453,257
15.9,15.9,100%,422,437,455,260
15.9,15.9,100%,422,437,456,258
15.9,15.9,100%,422,438,457,258
15.9,15.9,100%,424,438,454,258
15.9,15.9,100%,425,437,452,257
16.0,15.9,100%,424,437,454,257
16.0,15.9,100%,423,438,454,257
16.0,15.9,100%,423,437,456,258
16.0,15.9,100%,424,438,453,256
16.0,15.9,100%,424,437,454,257
16.0,15.9,100%,423,438,455,258
16.0,15.9,100%,424,438,453,256
16.0,15.9,100%,424,437,455,259
16.0,15.9,100%,424,437,453,256
16.0,15.9,100%,424,437,454,258
16.0,15.9,100%,423,437,454,258
16.0,15.9,100%,423,436,453,260
16.0,15.9,100%,423,437,455,260
16.0,15.9,100%,424,437,454,260
16.0,15.9,100%,424,437,451,258
16.0,15.9,100%,424,438,454,257
16.0,15.9,100%,421,437,456,261
16.0,15.9,100%,423,438,455,257
16.0,15.9,100%,425,438,452,256
16.0,15.9,100%,422,437,457,259
15.9,15.9,100%,423,437,454,258
15.9,15.9,100%,423,437,453,258
16.0,15.9,100%,422,438,455,257
16.0,15.9,100%,423,437,455,259
16.0,15.9,100%,422,437,456,258
16.0,15.9,100%,424,437,452,259
15.9,15.9,100%,424,436,453,259
16.0,15.9,100%,424,436,453,259
16.0,15.9,100%,424,439,453,256
16.0,15.9,100%,424,438,455,258
16.0,15.9,100%,425,438,454,259
16.0,15.9,100%,424,438,453,257
16.0,15.9,100%,423,438,454,256
16.0,15.9,100%,425,438,450,253
16.0,15.9,100%,424,438,451,254
16.0,15.9,100%,423,436,453,258
16.0,15.9,100%,422,437,455,257
16.0,16.0,100%,421,436,457,259
16.0,16.0,100%,422,436,457,259
16.0,16.0,100%,420,436,459,260
16.0,16.0,100%,423,438,453,257
16.0,16.0,100%,423,437,454,256
16.0,16.0,100%,423,436,454,259
16.0,16.0,100%,422,436,454,258
16.0,16.0,100%,423,437,456,257
16.0,16.0,100%,425,439,452,255
16.0,16.0,100%,422,436,455,259
15.9,16.0,100%,424,437,452,259
15.9,16.0,100%,426,438,448,255
15.9,16.0,100%,424,437,451,257
15.9,16.0,100%,424,437,452,258
15.9,16.0,100%,424,437,454,258
15.9,16.0,100%,423,437,454,258
15.9,16.0,100%,422,437,456,258
15.9,16.0,100%,424,438,452,258
15.9,16.0,100%,425,436,452,258
15.9,16.0,100%,423,437,452,257
15.9,16.0,100%,423,436,454,259
15.9,16.0,100%,424,438,453,254
15.9,16.0,100%,424,436,453,261
15.9,16.0,100%,423,436,453,259
15.9,16.0,100%,423,436,454,256
15.9,16.0,100%,423,437,455,258
15.9,16.0,100%,422,437,457,257
15.9,16.0,100%,422,436,456,261
15.9,16.0,100%,423,436,453,258
15.9,16.0,100%,423,437,456,258
15.9,16.0,100%,423,437,456,258
15.9,16.0,100%,424,439,455,257
15.9,16.0,100%,422,437,457,259
15.8,16.0,100%,421,437,456,258
15.8,16.0,100%,419,436,458,259
15.8,16.0,100%,421,436,457,259
15.9,16.0,100%,421,438,457,257
15.9,16.0,100%,422,437,457,257
15.9,16.0,100%,423,437,454,257
15.9,16.0,100%,421,436,456,257
15.9,16.0,100%,422,437,456,259
15.9,16.0,100%,423,436,454,259
15.9,16.0,100%,423,438,454,255
15.9,16.0,100%,423,436,455,260
15.9,16.0,100%,424,436,452,261
15.8,16.0,100%,422,437,457,259
15.8,16.0,100%,422,438,455,260
15.8,16.0,100%,423,437,454,259
15.9,15.9,100%,422,438,455,258
15.9,15.9,100%,423,437,455,259
15.9,15.9,100%,424,436,453,258
15.8,15.9,100%,420,436,458,261
15.8,15.9,100%,422,438,457,259
15.8,15.9,100%,422,436,458,261
15.9,15.9,100%,421,438,457,258
15.9,15.9,100%,423,438,454,258
15.8,15.9,100%,421,437,456,260
15.9,15.9,100%,422,438,456,257
15.9,15.9,100%,424,437,453,258
15.9,15.9,100%,423,438,456,257
15.9,15.9,100%,423,437,453,259
15.9,15.9,100%,421,437,456,259
15.9,15.9,100%,422,438,456,258
15.9,15.9,100%,421,438,458,256
15.8,15.9,100%,423,438,455,258
15.8,15.9,100%,422,438,454,255
15.9,15.9,100%,424,439,453,256
15.9,15.9,100%,423,438,454,255
15.9,15.9,100%,421,438,458,258
15.9,15.9,100%,421,438,457,260
15.9,15.9,100%,421,438,459,256
15.9,15.9,100%,423,437,456,257
16.0,15.9,100%,424,438,454,256
15.9,15.9,100%,422,438,457,257
15.9,15.9,100%,421,438,458,257
15.9,15.9,100%,422,438,457,256
15.9,15.9,100%,423,438,455,257
15.9,15.9,100%,421,437,458,257
15.9,15.9,100%,422,437,457,257
16.0,15.9,100%,422,438,457,257
15.9,15.9,100%,423,438,457,254
15.9,15.9,100%,424,437,454,258
15.9,15.9,100%,421,438,456,257
16.0,15.9,100%,422,438,458,256
16.0,15.9,100%,422,439,459,254
16.0,15.9,100%,422,438,459,256
16.0,15.9,100%,423,438,455,258
16.0,15.9,100%,423,439,458,253
16.0,15.9,100%,422,437,458,257
15.9,15.9,100%,423,437,457,259
16.0,15.9,100%,423,438,456,257
16.0,15.9,100%,422,438,458,255
16.0,15.9,100%,423,438,457,257
16.0,15.9,100%,422,439,457,256
15.9,15.9,100%,421,437,458,258
15.9,15.9,100%,422,438,458,255
15.9,15.9,100%,423,437,455,258
15.9,15.9,100%,422,438,458,256
15.9,15.9,100%,422,438,456,257
15.9,15.9,100%,423,438,456,256
15.9,15.9,100%,425,438,454,255
15.9,15.9,100%,422,437,458,256
15.9,15.9,100%,422,439,457,254
15.9,15.9,100%,426,438,454,256
16.0,15.9,100%,424,438,455,258
16.0,15.9,100%,422,438,457,258
16.0,15.9,100%,423,438,456,256
15.9,15.9,100%,423,438,456,257
15.7,15.9,100%,422,438,457,257
15.7,15.9,100%,421,437,456,258
15.7,15.9,100%,423,438,455,258
15.8,15.9,100%,423,437,454,260
15.8,15.9,100%,421,437,457,257
15.8,15.9,100%,422,438,456,254
15.8,15.9,100%,424,438,454,258
15.8,15.9,100%,423,438,456,256
15.8,15.9,100%,421,438,459,259
15.8,15.9,100%,422,439,458,257
15.8,15.9,100%,423,439,456,256
15.8,15.9,100%,421,437,459,259
15.8,15.9,100%,423,439,456,256
15.8,15.9,100%,423,438,455,257
15.9,15.9,100%,423,439,457,254
15.9,15.9,100%,423,439,456,256
15.9,15.9,100%,424,438,453,257
15.9,15.9,100%,423,439,455,255
15.9,15.9,100%,424,440,453,254
15.9,15.9,100%,423,439,455,255
15.8,15.9,100%,425,439,455,255
15.8,15.9,100%,425,439,455,254
15.9,15.9,100%,424,439,453,255
15.9,15.9,100%,424,438,454,258
15.9,15.9,100%,425,439,451,256
15.9,15.9,100%,423,439,455,253
15.9,15.9,100%,424,439,453,256
15.9,15.9,100%,422,438,456,259
15.9,15.9,100%,423,439,455,256
15.9,15.9,100%,423,440,457,254
15.9,15.9,100%,424,441,456,254
16.0,15.9,100%,423,440,456,255
16.0,15.9,100%,422,440,457,255
16.0,15.9,100%,423,439,456,256
15.9,15.9,100%,423,440,457,256
15.9,15.9,100%,423,440,458,254
15.9,15.9,100%,423,440,456,255
15.9,15.9,100%,421,440,458,254
15.9,15.9,100%,422,440,459,255
15.9,15.9,100%,423,441,456,252
15.9,15.9,100%,423,439,456,256
15.9,15.9,100%,424,439,455,255
15.9,15.9,100%,423,438,456,258
15.9,15.9,100%,423,439,458,257
15.9,15.9,100%,422,440,456,256
15.9,15.9,100%,425,440,456,256
15.9,15.9,100%,424,440,456,256
15.9,15.9,100%,422,440,456,255
15.9,15.9,100%,422,440,457,256
15.9,15.9,100%,422,440,458,256
15.9,15.9,100%,424,440,456,257
16.0,15.9,100%,424,441,456,254
16.0,15.9,100%,425,440,455,255
15.9,15.9,100%,425,441,454,254
15.9,15.9,100%,425,441,455,254
15.9,15.9,100%,423,440,458,256
15.9,15.9,100%,423,439,456,255
15.9,15.9,100%,424,439,456,256
15.9,15.9,100%,424,438,454,258
15.9,15.9,100%,424,439,456,255
15.9,15.9,100%,424,441,456,253
15.9,15.9,100%,425,440,454,255
15.9,15.9,100%,423,439,457,256
15.9,15.9,100%,423,439,456,256
15.9,15.9,100%,422,440,459,255
15.9,15.9,100%,423,440,456,257
15.9,15.9,100%,424,440,456,256
15.9,15.9,100%,424,439,456,257
15.8,15.9,100%,423,440,458,257
15.9,15.9,100%,423,439,457,257
15.9,15.9,100%,423,439,456,259
15.9,15.9,100%,422,439,456,257
15.9,15.9,100%,424,440,456,254
15.9,15.9,100%,423,439,457,257
15.9,15.9,100%,424,439,455,256
15.9,15.9,100%,422,440,457,256
15.9,15.9,100%,423,439,455,256
15.9,15.9,100%,424,439,453,256
15.9,15.9,100%,424,439,456,255
15.9,15.9,100%,425,439,454,255
15.9,15.9,100%,423,440,456,255
15.9,15.9,100%,424,440,456,258
16.0,15.9,100%,424,441,456,253
16.0,15.9,100%,422,441,458,254
16.0,15.9,100%,423,439,457,258
15.9,15.9,100%,424,439,456,254
15.9,15.9,100%,424,440,456,255
16.0,15.9,100%,422,440,459,256
16.0,15.9,100%,423,439,456,257
16.0,15.9,100%,423,438,456,258
15.9,15.9,100%,424,439,456,255
15.9,15.9,100%,425,439,454,257
15.9,15.9,100%,423,438,457,259
15.9,15.9,100%,423,440,456,256
16.0,15.9,100%,422,438,457,257
15.9,15.9,100%,425,439,453,256
15.9,15.9,100%,423,439,455,257
15.9,15.9,100%,424,439,454,256
15.9,15.9,100%,423,438,456,258
15.9,15.9,100%,425,438,455,257
15.9,15.9,100%,426,438,453,259
15.9,15.9,100%,426,438,453,259
15.9,15.9,99%,428,438,451,256
15.9,15.9,100%,428,438,452,257
15.9,15.9,99%,429,438,453,257
15.8,15.9,100%,429,439,455,258
15.9,15.9,100%,430,438,454,259
15.9,15.9,99%,430,439,455,258
15.9,15.9,100%,427,439,457,257
15.9,15.9,100%,429,439,453,257
16.0,15.9,100%,430,440,453,251
16.0,15.9,100%,432,439,453,253
15.9,15.9,100%,432,439,455,256
15.9,15.9,99%,432,440,457,255
15.8,15.9,99%,433,439,456,255
15.7,15.9,99%,432,440,458,253
15.6,15.9,100%,433,439,457,257
15.6,15.9,99%,434,438,458,254
15.5,15.9,99%,435,441,459,251
15.5,15.9,99%,435,440,458,253
15.5,15.9,100%,437,440,456,253
15.4,15.9,99%,436,438,456,254
15.4,15.9,100%,437,439,458,253
15.4,15.9,100%,438,438,456,256
15.5,15.9,100%,438,440,461,251
15.5,15.9,100%,437,440,465,253
15.6,15.9,100%,440,440,462,252
15.6,15.9,99%,441,441,460,250
15.6,15.9,99%,441,442,460,248
15.6,15.9,100%,442,442,457,247
15.5,15.9,100%,444,440,456,247
15.5,15.9,99%,446,439,456,252
15.6,15.7,100%,446,440,458,250
15.1,15.7,100%,449,440,453,248
15.2,15.7,100%,448,440,456,248
15.2,15.7,100%,450,441,456,246
15.2,15.7,100%,451,440,454,248
15.3,15.7,100%,453,439,453,249
15.3,15.7,100%,453,440,453,244
15.3,15.7,100%,455,440,450,245
15.4,15.7,100%,456,439,450,245
15.3,15.7,100%,454,441,453,241
15.4,15.7,100%,458,439,450,243
15.5,15.7,100%,460,438,448,246
15.4,15.7,99%,456,439,456,250
15.3,15.7,100%,456,439,459,247
15.4,15.7,100%,456,440,461,244
15.4,15.7,100%,459,439,460,246
15.4,15.7,100%,458,440,463,246
15.4,15.7,100%,462,440,459,243
15.4,15.7,100%,462,440,463,241
15.5,15.7,100%,462,440,464,245
15.5,15.7,100%,464,439,461,240
15.4,15.7,100%,464,440,460,242
15.5,15.7,100%,463,441,469,245
15.5,15.7,100%,468,440,463,241
15.4,15.7,100%,472,441,457,243
15.4,15.7,100%,476,440,459,243
15.4,15.7,100%,478,441,452,241
15.5,15.7,100%,480,441,454,239
15.4,15.7,100%,482,440,456,241
15.3,15.7,100%,483,438,449,241
15.4,15.7,100%,485,439,453,238
15.4,15.7,100%,488,441,456,237
15.4,15.7,100%,490,441,446,237
15.5,15.7,100%,489,439,451,240
15.5,15.7,100%,487,440,461,236
15.5,15.7,100%,491,440,451,239
15.5,15.7,100%,490,440,464,236
15.6,15.7,100%,489,440,465,236
15.5,15.7,100%,498,442,459,233
15.5,15.7,100%,495,441,466,233
15.5,15.7,100%,496,439,465,235
15.5,15.7,100%,500,438,467,240
15.4,15.7,100%,500,441,466,229
15.4,15.7,100%,500,439,467,233
15.4,15.7,100%,501,441,469,236
15.4,15.7,100%,499,439,472,237
15.5,15.3,100%,504,440,467,237
15.5,15.3,100%,503,441,470,236
15.5,15.3,100%,506,445,466,228
15.5,15.3,99%,511,443,461,236
15.6,15.3,99%,510,444,463,230
15.5,15.3,98%,512,444,461,229
15.5,15.3,98%,508,442,470,235
15.5,15.3,99%,509,443,467,232
15.5,15.3,99%,510,443,466,232
15.6,15.3,99%,517,440,473,235
15.5,15.3,99%,508,441,471,234
15.5,15.3,98%,517,442,474,230
15.6,15.3,99%,521,438,468,233
15.6,15.3,98%,522,443,464,225
15.6,15.3,99%,522,441,468,230
15.6,15.3,99%,525,441,462,227
15.6,15.3,99%,524,438,464,231
15.5,15.3,99%,525,440,465,228
15.6,15.3,99%,526,438,464,229
15.6,15.3,99%,528,439,462,226
15.6,15.3,99%,530,442,460,220
15.6,15.3,98%,536,446,450,216
15.6,15.3,99%,534,445,460,219
15.6,15.3,99%,539,440,454,226
15.6,15.3,99%,538,438,456,232
15.6,15.3,100%,541,440,453,231
15.6,15.3,100%,542,438,455,237
15.6,15.3,100%,540,440,457,231
15.6,15.3,100%,540,440,456,231
15.6,15.3,99%,545,440,448,233
15.5,15.3,100%,543,439,454,235
15.6,15.3,100%,546,440,450,236
15.6,15.3,100%,546,442,453,233
15.6,15.3,100%,550,443,449,231
15.6,15.3,100%,549,443,454,228
15.6,15.3,100%,546,441,457,235
15.6,15.3,100%,546,439,453,238
15.6,15.3,100%,546,439,457,237
15.6,15.3,100%,550,440,454,234
15.6,15.3,100%,553,440,451,235
15.6,15.3,100%,550,443,452,230
15.7,15.3,100%,552,441,452,231
15.7,15.3,100%,551,442,454,229
15.6,15.3,100%,550,442,456,228
15.6,15.3,100%,549,437,457,239
15.6,15.3,100%,549,440,455,232
15.6,15.3,100%,548,441,460,231
15.6,15.6,100%,549,442,461,233
15.6,15.6,100%,551,441,454,228
15.6,15.6,100%,555,442,453,226
15.6,15.6,100%,553,443,454,229
15.6,15.6,100%,556,441,448,233
15.6,15.6,100%,557,442,453,227
15.6,15.6,100%,556,441,450,229
15.6,15.6,100%,557,442,449,228
15.6,15.6,99%,553,441,456,231
15.6,15.6,99%,553,442,454,229
15.7,15.6,99%,553,444,453,228
15.7,15.6,99%,554,444,457,228
15.7,15.6,100%,559,445,448,227
15.7,15.6,99%,559,445,446,228
15.7,15.6,100%,555,446,450,226
15.7,15.6,99%,556,445,449,227
15.7,15.6,100%,556,446,449,227
15.7,15.6,100%,557,443,449,233
15.7,15.6,100%,554,443,450,230
15.7,15.6,100%,555,444,447,231
15.7,15.6,100%,555,444,453,234
15.7,15.6,100%,552,444,452,231
15.6,15.6,100%,550,445,455,231
15.6,15.6,100%,550,446,457,229
15.6,15.6,100%,553,445,452,231
15.6,15.6,100%,552,444,456,233
15.6,15.6,100%,553,443,451,234
15.6,15.6,100%,554,444,446,230
15.6,15.6,100%,555,443,448,233
15.5,15.6,99%,552,441,452,233
15.6,15.6,100%,550,443,458,233
15.6,15.6,100%,549,446,458,229
15.6,15.6,100%,547,443,458,232
15.6,15.6,100%,547,444,457,235
15.6,15.6,100%,545,444,460,235
15.6,15.6,100%,548,444,457,232
15.5,15.6,100%,547,445,456,232
15.6,15.6,100%,544,443,461,234
15.6,15.6,100%,542,444,460,230
15.6,15.6,100%,539,440,463,241
15.6,15.6,100%,541,444,461,232
15.6,15.6,100%,537,443,465,234
15.6,15.6,100%,536,443,466,235
15.6,15.6,100%,533,441,468,235
15.5,15.6,100%,532,440,468,240
15.6,15.6,100%,529,442,470,235
15.6,15.6,100%,526,440,475,240
15.6,15.6,100%,526,440,476,240
15.6,15.6,99%,524,440,473,235
15.6,15.6,100%,527,440,469,238
15.6,15.6,100%,526,438,474,241
15.5,15.6,100%,522,438,475,241
15.5,15.6,100%,526,439,472,239
15.6,15.6,100%,524,440,474,236
15.6,15.6,100%,526,440,468,234
15.6,15.6,100%,523,438,468,240
15.6,15.6,100%,523,437,470,242
15.6,15.6,100%,521,438,473,240
15.4,15.6,100%,520,439,474,240
15.4,15.6,100%,522,437,470,241
15.4,15.6,100%,518,436,473,243
15.2,15.6,100%,519,437,470,242
15.3,15.6,100%,518,438,472,239
15.4,15.6,99%,517,438,472,240
15.4,15.6,99%,520,439,466,243
15.3,15.6,100%,519,439,466,244
15.4,15.6,99%,519,440,466,238
15.4,15.6,99%,511,438,464,243
15.5,15.6,99%,510,438,465,247
15.5,15.6,99%,511,438,463,250
15.5,15.6,99%,511,438,462,246
15.5,15.6,99%,512,439,459,241
15.6,15.6,99%,513,437,460,247
15.6,15.6,99%,511,439,460,245
15.6,15.6,100%,508,440,464,243
15.6,15.6,100%,509,439,462,243
15.6,15.6,100%,510,436,461,247
15.6,15.6,100%,508,439,462,249
15.7,15.6,99%,508,440,461,246
15.7,15.6,100%,507,437,461,246
15.7,15.6,100%,505,439,461,244
15.7,15.6,100%,508,438,458,251
15.7,15.6,100%,502,439,462,247
15.7,15.6,100%,502,439,464,245
15.7,15.6,100%,497,438,468,246
15.7,15.6,100%,495,437,468,250
15.8,15.6,100%,496,437,469,250
15.8,15.6,100%,494,441,468,245
15.8,15.6,100%,492,439,469,244
15.8,15.6,100%,490,439,475,245
15.8,15.6,100%,496,436,465,249
15.7,15.6,100%,494,437,466,250
15.6,15.6,100%,488,438,468,245
15.6,15.6,100%,492,439,464,245
15.6,15.5,100%,490,439,467,246
15.6,15.5,100%,486,438,468,246
15.6,15.5,100%,481,441,477,246
15.5,15.5,100%,485,441,463,244
15.6,15.5,100%,482,443,463,241
15.6,15.5,100%,481,441,468,246
15.6,15.5,100%,476,441,467,245
15.6,15.5,100%,473,442,470,245
15.6,15.5,100%,474,442,469,244
15.6,15.5,100%,473,441,461,245
15.6,15.5,100%,469,443,472,244
15.6,15.5,100%,468,442,467,242
15.5,15.5,100%,466,443,466,241
15.5,15.5,100%,460,444,474,248
15.5,15.5,100%,462,443,467,244
15.3,15.5,100%,456,442,473,250
15.2,15.5,100%,459,440,464,252
15.3,15.5,100%,454,441,467,248
15.4,15.5,100%,452,440,468,253
15.4,15.5,100%,453,438,465,255
15.5,15.5,100%,449,440,468,254
15.5,15.5,100%,448,438,464,252
15.5,15.5,100%,450,438,460,255
15.6,15.5,100%,447,439,462,252
15.6,15.5,100%,446,440,462,253
15.5,15.5,100%,444,441,463,254
15.6,15.5,100%,443,440,460,256
15.5,15.5,100%,441,440,461,256
15.5,15.5,100%,437,439,464,255
15.5,15.5,100%,437,438,463,260
15.6,15.5,100%,435,440,466,256
15.6,15.5,100%,432,439,469,263
15.5,15.5,100%,431,439,464,258
15.5,15.5,100%,432,440,462,256
15.6,15.5,100%,429,438,466,261
15.6,15.5,100%,427,440,467,260
15.6,15.5,100%,428,438,465,258
15.6,15.5,100%,425,438,459,262
15.6,15.5,100%,420,435,468,267
15.6,15.5,100%,418,434,462,273
15.6,15.5,100%,414,435,464,270
15.6,15.5,100%,408,434,470,273
15.6,15.5,100%,407,434,468,272
15.5,15.5,100%,403,433,468,276
15.3,15.5,100%,398,430,472,282
15.4,15.5,100%,395,432,474,277
15.4,15.5,100%,394,431,474,282
15.5,15.5,99%,387,434,482,277
15.5,15.5,100%,387,433,482,278
15.6,15.5,99%,379,431,475,281
15.6,15.5,99%,380,431,474,283
15.6,15.5,99%,380,434,471,278
15.6,15.5,100%,378,435,470,275
15.6,15.5,100%,375,435,473,275
15.6,15.5,99%,374,439,471,270
15.6,15.5,100%,371,438,471,276
15.6,15.5,100%,371,440,470,275
15.6,15.5,100%,365,439,475,276
15.5,15.5,100%,359,440,479,274
15.6,15.5,100%,357,440,479,276
15.5,15.5,100%,358,440,475,274
15.5,15.5,100%,354,441,478,273
15.5,15.5,100%,350,438,480,280
15.5,15.5,100%,346,440,480,277
15.5,15.5,100%,347,437,478,280
15.6,15.5,100%,343,437,481,281
15.6,15.5,100%,338,437,485,277
15.6,15.5,100%,335,437,485,280
15.6,15.5,100%,331,438,484,281
15.7,15.5,100%,330,440,486,280
15.7,15.5,100%,328,438,485,279
15.6,15.5,100%,325,440,483,281
15.6,15.5,100%,327,439,481,276
15.7,15.5,100%,325,440,480,277
15.7,15.5,100%,323,442,481,279
15.7,15.5,100%,320,442,482,277
15.6,15.5,100%,319,442,482,277
15.7,15.5,100%,320,442,476,279
15.7,15.5,100%,314,442,487,279
15.8,15.5,100%,318,443,479,280
15.7,15.5,100%,313,443,481,280
15.8,15.5,100%,314,445,480,277
15.8,15.5,100%,315,444,479,278
15.7,15.5,100%,313,439,482,286
15.7,15.5,100%,309,443,486,280
15.7,15.5,100%,311,443,482,280
15.7,15.5,100%,308,442,483,283
15.7,15.5,100%,304,442,486,284
15.6,15.5,100%,302,443,489,281
15.7,15.5,100%,304,441,486,285
15.7,15.5,100%,305,440,482,287
15.6,15.5,100%,303,441,486,286
15.6,15.5,100%,304,443,482,285
15.6,15.5,100%,305,445,479,279
15.6,15.6,100%,302,441,482,285
15.6,15.6,100%,305,444,479,282
15.6,15.6,100%,301,445,481,281
15.6,15.6,100%,297,444,485,282
15.6,15.6,100%,298,440,483,289
15.7,15.6,100%,297,442,483,287
15.7,15.6,100%,296,444,486,284
15.7,15.6,100%,295,447,486,279
15.7,15.6,100%,293,446,485,280
15.8,15.6,100%,295,446,480,283
15.7,15.6,100%,292,446,484,280
15.7,15.6,100%,294,444,479,285
15.7,15.6,100%,291,443,485,287
15.7,15.6,100%,294,441,478,292
15.7,15.6,100%,293,443,476,288
15.7,15.6,100%,290,443,480,287
15.7,15.6,100%,290,444,480,287
15.6,15.6,100%,289,443,480,291
15.6,15.6,100%,288,444,478,288
15.7,15.6,100%,288,444,479,287
15.6,15.6,99%,292,443,475,289
15.6,15.6,100%,281,444,493,302
15.5,15.6,100%,286,442,481,291
15.5,15.6,99%,286,440,477,295
15.5,15.6,100%,287,439,475,296
15.5,15.6,100%,282,441,482,294
15.5,15.6,100%,273,442,497,308
15.4,15.6,100%,271,442,499,307
15.4,15.6,100%,279,439,481,299
15.5,15.6,100%,272,438,493,314
15.5,15.6,100%,273,439,493,310
15.5,15.6,100%,275,436,486,304
15.5,15.6,100%,267,440,502,310
15.5,15.6,100%,275,439,486,298
15.5,15.6,100%,277,438,479,301
15.5,15.6,100%,268,441,496,309
15.5,15.6,100%,275,436,484,304
15.6,15.6,100%,275,435,482,304
15.6,15.6,100%,273,435,484,303
15.7,15.6,100%,275,436,482,302
15.5,15.6,100%,274,436,484,302
15.5,15.6,100%,272,434,485,303
15.5,15.6,100%,271,433,485,306
15.5,15.6,99%,269,434,485,306
15.5,15.6,100%,269,433,485,306
15.5,15.6,100%,268,431,486,308
15.5,15.6,99%,269,432,486,308
15.6,15.6,99%,265,431,490,310
15.6,15.6,99%,264,433,492,309
15.6,15.6,100%,264,434,493,303
15.7,15.6,100%,264,432,491,305
15.6,15.6,100%,265,432,490,306
15.6,15.6,100%,266,434,488,303
15.5,15.6,99%,262,434,492,301
15.6,15.6,99%,261,434,493,306
15.6,15.6,99%,263,432,488,313
15.6,15.6,99%,262,433,491,309
15.6,15.6,99%,261,433,491,310
15.6,15.6,99%,259,432,496,311
15.6,15.6,99%,260,432,493,310
15.6,15.6,99%,259,432,493,308
15.7,15.6,99%,261,431,490,312
15.7,15.6,99%,259,433,492,308
15.7,15.6,99%,250,439,509,314
15.7,15.6,99%,250,440,511,312
15.7,15.6,99%,248,439,512,315
15.7,15.6,99%,248,438,513,315
15.7,15.6,99%,248,439,510,313
15.7,15.6,99%,249,439,510,314
15.7,15.6,99%,251,440,503,315
15.7,15.6,99%,247,442,509,309
15.7,15.6,99%,242,441,522,310
15.8,15.6,99%,245,441,516,311
15.8,15.6,99%,248,441,509,310
15.8,15.6,99%,249,437,489,322
15.8,15.6,99%,249,444,506,310
15.8,15.6,99%,250,438,488,319
15.8,15.6,99%,247,440,492,316
15.8,15.6,99%,247,438,491,321
15.8,15.6,99%,252,436,478,322
15.8,15.6,99%,247,439,487,321
15.9,15.6,99%,248,443,485,319
15.8,15.6,100%,247,441,485,325
15.8,15.6,99%,247,440,486,321
15.8,15.6,100%,246,440,485,323
15.8,15.6,99%,245,440,488,320
15.8,15.6,99%,247,441,481,318
15.8,15.6,99%,247,444,481,314
15.8,15.6,99%,248,443,479,318
15.8,15.6,99%,246,442,486,324
15.8,15.6,98%,244,443,488,314
15.8,15.6,97%,240,446,495,310
15.8,15.6,99%,241,444,489,314
15.8,15.6,98%,239,445,491,314
15.8,15.6,99%,237,449,493,310
15.7,15.8,99%,239,449,488,311
15.8,15.8,98%,239,448,486,310
15.8,15.8,98%,237,450,492,308
15.7,15.8,99%,238,452,490,303
15.8,15.8,99%,236,453,495,302
15.7,15.8,99%,241,449,481,307
15.7,15.8,99%,241,448,477,307
15.7,15.8,97%,242,450,480,305
15.7,15.8,99%,239,449,485,309
15.7,15.8,98%,240,448,483,306
15.8,15.8,90%,235,450,494,303
15.8,15.8,56%,242,463,482,279
15.7,15.8,75%,241,456,481,292
15.7,15.8,46%,234,458,493,289
15.8,15.8,86%,239,454,480,297
15.8,15.8,91%,232,457,495,293
15.7,15.8,79%,233,460,491,290
15.8,15.8,99%,239,451,475,308
15.8,15.8,97%,242,456,466,296
15.8,15.8,100%,241,452,466,307
15.8,15.8,99%,242,453,467,305
15.8,15.8,99%,243,452,461,307
15.7,15.8,99%,243,450,459,309
15.8,15.8,100%,238,445,465,320
15.8,15.8,99%,240,448,464,314
15.8,15.8,100%,239,452,466,310
15.8,15.8,100%,238,450,460,315
15.8,15.8,100%,237,449,460,316
15.8,15.8,100%,233,448,467,319
15.8,15.8,100%,237,448,462,317
15.8,15.8,100%,237,450,463,316
15.8,15.8,100%,234,452,465,315
15.8,15.8,100%,230,454,469,315
15.9,15.8,99%,231,448,466,322
15.9,15.8,100%,227,447,474,325
15.9,15.8,100%,231,451,468,317
15.8,15.8,100%,229,450,469,320
15.8,15.8,100%,229,446,467,325
15.7,15.8,100%,228,448,469,325
15.8,15.8,100%,227,448,472,324
15.8,15.8,100%,229,448,470,325
15.8,15.8,100%,227,449,474,323
15.7,15.8,100%,227,451,472,322
15.7,15.8,100%,227,451,470,322
15.7,15.8,100%,218,452,481,318
15.7,15.8,100%,218,453,478,319
15.8,15.8,100%,217,450,482,322
15.8,15.8,100%,228,447,466,325
15.8,15.8,100%,225,450,468,325
15.8,15.8,99%,227,450,468,327
15.8,15.8,100%,225,452,467,322
15.8,15.8,100%,222,451,468,325
15.8,15.8,100%,223,450,470,329
15.8,15.8,100%,224,451,468,323
15.8,15.8,100%,207,449,490,328
15.9,15.8,100%,218,448,477,331
15.9,15.8,100%,215,452,478,327
15.9,15.8,100%,207,451,493,328
15.9,15.8,100%,218,452,478,326
15.9,15.8,100%,217,451,477,327
15.9,15.8,100%,216,454,481,321
15.9,15.8,100%,216,455,477,322
15.9,15.8,100%,206,456,493,319
15.9,15.8,100%,216,454,478,322
15.9,15.8,100%,215,456,475,321
15.9,15.8,100%,214,454,476,323
15.8,15.8,100%,214,455,476,321
15.8,15.8,100%,214,452,474,325
15.8,15.8,100%,212,452,480,322
15.8,15.8,100%,212,452,481,325
15.8,15.8,100%,212,453,484,321
15.8,15.8,100%,211,450,484,324
15.8,15.8,100%,211,450,484,329
15.8,15.8,100%,213,451,480,325
15.8,15.8,100%,213,446,477,333
15.8,15.8,100%,212,444,477,335
15.8,15.8,100%,213,444,474,334
15.8,15.8,100%,208,444,482,335
15.8,15.8,100%,212,441,476,338
15.8,15.8,100%,210,446,477,330
15.8,15.8,100%,212,448,475,329
15.8,15.8,100%,213,450,475,326
15.8,15.8,100%,211,450,479,326
15.8,15.8,100%,210,448,478,327
15.8,15.8,100%,207,447,484,328
15.8,15.8,100%,208,451,481,324
15.8,15.8,100%,210,449,476,326
15.8,15.8,100%,210,446,475,328
15.8,15.8,100%,209,445,477,329
15.8,15.8,100%,211,447,476,326
15.8,15.8,100%,209,448,481,325
15.8,15.8,100%,213,449,476,323
15.8,15.8,100%,210,450,477,322
15.8,15.8,99%,207,450,479,321
15.8,15.8,100%,205,449,481,322
15.8,15.8,100%,206,449,479,322
15.8,15.8,100%,203,448,481,324
15.8,15.8,100%,205,445,476,327
15.8,15.8,100%,204,441,477,332
15.8,15.8,100%,204,444,476,330
15.8,15.8,100%,205,447,472,327
15.8,15.8,100%,205,447,474,326
15.8,15.8,100%,206,450,474,324
15.8,15.8,100%,203,452,480,320
15.8,15.8,99%,201,452,483,319
15.8,15.8,100%,199,450,480,325
15.8,15.8,100%,198,448,480,330
15.8,15.8,100%,199,451,481,327
15.8,15.8,100%,202,451,478,327
15.8,15.8,100%,198,449,484,327
15.8,15.8,100%,200,449,480,326
15.8,15.8,100%,196,446,483,331
15.8,15.8,100%,195,444,485,332
15.8,15.8,100%,198,445,482,330
15.8,15.8,99%,197,446,480,327
15.8,15.8,99%,197,448,482,328
15.9,15.8,99%,198,448,480,328
15.9,15.8,99%,198,447,478,328
15.9,15.8,99%,198,447,480,326
15.8,15.8,100%,199,449,480,324
15.8,15.8,100%,199,448,478,324
15.7,15.8,100%,201,447,477,327
15.7,15.8,99%,201,447,478,326
15.8,15.8,100%,200,447,480,329
15.8,15.8,100%,201,445,479,329
15.8,15.8,99%,201,444,479,328
15.8,15.8,100%,201,445,480,330
15.8,15.8,100%,200,444,481,332
15.8,15.8,100%,200,444,481,330
15.8,15.8,100%,197,447,483,330
15.9,15.8,99%,197,447,482,327
15.9,15.8,99%,200,445,476,328
15.9,15.8,99%,196,445,484,328
15.8,15.8,99%,199,448,480,323
15.8,15.8,100%,195,444,485,328
15.9,15.8,100%,191,444,493,331
15.9,15.8,100%,194,442,493,331
15.8,15.8,100%,195,443,489,330
15.8,15.8,99%,195,444,491,328
15.8,15.8,99%,192,443,494,331
15.8,15.8,99%,194,445,487,327
15.8,15.8,99%,194,441,489,328
15.8,15.8,99%,193,441,492,328
15.8,15.8,99%,191,441,495,329
15.8,15.8,99%,191,439,492,331
15.8,15.8,99%,197,443,481,328
15.8,15.8,99%,195,445,487,328
15.8,15.8,99%,192,441,491,330
15.8,15.8,99%,192,441,490,329
15.8,15.8,99%,190,445,496,324
15.8,15.8,99%,192,443,492,329
15.8,15.8,99%,189,440,500,332
15.8,15.8,99%,187,439,504,334
15.8,15.8,99%,190,442,501,332
15.8,15.8,99%,189,440,504,332
15.8,15.8,99%,185,438,508,338
15.8,15.8,99%,191,442,499,335
15.8,15.8,99%,192,442,499,332
15.8,15.8,99%,190,443,501,332
15.8,15.8,99%,192,439,503,338
15.8,15.8,99%,188,439,507,336
15.8,15.8,99%,191,440,505,338
15.7,15.8,99%,196,445,497,332
15.8,15.8,99%,197,445,498,333
15.8,15.8,99%,197,442,500,335
15.8,15.8,98%,196,440,504,331
15.8,15.8,99%,198,441,502,333
15.8,15.8,99%,199,442,502,333
15.8,15.8,98%,200,441,502,335
15.8,15.8,99%,201,443,500,334
15.8,15.8,99%,202,442,504,336
15.8,15.8,99%,208,434,499,343
15.8,15.8,99%,211,431,494,344
15.8,15.8,99%,213,439,490,335
15.8,15.8,99%,214,436,492,338
15.8,15.8,98%,214,439,492,331
15.8,15.8,99%,215,436,495,334
15.8,15.8,99%,217,440,497,329
15.8,15.8,99%,219,436,493,329
15.8,15.8,99%,223,440,494,324
15.7,15.8,99%,226,440,493,319
15.6,15.8,99%,226,442,492,317
15.6,15.8,99%,229,444,492,314
15.7,15.8,99%,234,443,484,317
15.7,15.8,99%,233,441,489,317
15.7,15.8,98%,234,444,490,315
15.7,15.8,98%,235,444,494,313
15.7,15.8,98%,239,444,489,311
15.7,15.8,97%,236,442,499,315
15.7,15.8,98%,244,446,491,308
15.8,15.8,97%,243,448,494,305
15.7,15.8,97%,251,447,481,301
15.7,15.7,93%,254,446,483,304
15.7,15.7,89%,246,442,513,310
15.6,15.7,96%,250,443,508,307
15.7,15.7,93%,252,442,510,307
15.7,15.7,98%,266,439,483,295
15.7,15.7,97%,268,439,484,294
15.7,15.7,99%,271,442,486,288
15.7,15.7,99%,279,441,477,288
15.7,15.7,99%,280,444,484,281
15.7,15.7,99%,286,443,481,281
15.7,15.7,99%,295,445,479,278
15.7,15.7,99%,299,439,485,291
15.6,15.7,100%,303,437,480,289
15.6,15.7,99%,306,443,480,278
15.6,15.7,99%,310,440,479,276
15.7,15.7,99%,315,441,477,272
15.6,15.7,99%,319,442,474,273
15.7,15.7,100%,320,442,483,271
15.7,15.7,100%,324,441,484,271
15.7,15.7,100%,331,443,486,268
15.7,15.7,100%,336,443,485,264
15.7,15.7,100%,345,436,483,274
15.8,15.7,100%,348,438,485,269
15.8,15.7,100%,354,439,484,265
15.7,15.7,100%,364,440,481,267
15.8,15.7,100%,368,439,484,263
15.7,15.7,100%,374,441,472,254
15.7,15.7,100%,379,442,465,253
15.6,15.7,99%,383,440,465,254
15.7,15.7,99%,385,440,467,255
15.7,15.7,100%,387,443,486,245
15.7,15.7,100%,393,440,485,245
15.7,15.7,100%,399,440,484,244
15.7,15.7,100%,403,441,483,249
15.7,15.7,100%,409,442,477,248
15.7,15.7,100%,414,443,478,246
0.0,0.0,100%,423,438,455,257
1.5,0.0,100%,425,439,452,255
2.6,0.0,100%,423,438,455,257
3.8,0.0,100%,425,439,452,254
4.8,0.0,100%,422,437,455,258
5.8,0.0,100%,423,439,455,254
6.8,0.0,100%,423,437,455,257
7.6,0.0,100%,423,438,456,256
8.4,0.0,100%,422,437,457,258
9.2,0.0,100%,422,437,455,259
9.9,0.0,100%,424,439,453,256
10.6,0.0,100%,423,438,454,255
11.1,0.0,100%,423,438,453,258
11.6,0.0,100%,421,438,457,256
12.1,0.0,100%,423,437,455,258
12.4,0.0,100%,422,438,456,261
12.7,0.0,100%,423,438,455,258
13.0,0.0,100%,422,438,456,257
13.3,0.0,100%,423,438,454,258
13.6,0.0,100%,422,438,456,260
13.9,0.0,100%,420,438,458,257
14.1,0.0,100%,420,438,458,258
14.2,0.0,100%,421,438,457,258
14.4,0.0,100%,421,440,457,253
14.6,0.0,100%,423,438,455,256
14.7,0.0,100%,423,438,455,256
14.9,0.0,100%,424,438,453,256
15.0,0.0,100%,423,440,454,255
15.1,0.0,100%,424,437,453,257
15.2,0.0,100%,424,438,454,258
15.3,0.0,100%,420,436,457,260
15.3,0.0,100%,422,439,457,256
15.4,0.0,100%,420,438,459,257
15.5,0.0,100%,423,439,456,256
15.5,0.0,100%,424,437,453,260
15.6,0.0,100%,424,438,454,257
15.6,0.0,100%,422,437,456,256
15.6,0.0,100%,422,437,455,259
15.7,0.0,100%,422,438,455,257
15.7,0.0,100%,425,438,453,257
15.7,0.0,100%,422,437,456,258
15.7,0.0,100%,420,437,457,258
15.8,0.0,100%,423,438,455,257
15.7,0.0,100%,422,437,454,258
15.7,0.0,100%,420,438,457,257
15.7,0.0,100%,421,438,457,256
15.7,0.0,100%,421,437,457,260
15.7,0.0,100%,421,437,457,259
15.8,15.7,100%,423,435,453,259
15.8,15.7,100%,421,436,457,257
15.9,15.7,100%,421,437,456,257
15.9,15.7,100%,423,438,455,258
15.7,15.7,100%,421,438,457,259
15.6,15.7,100%,423,437,455,258
15.6,15.7,100%,422,436,456,261
15.6,15.7,100%,423,437,454,260
15.5,15.7,100%,424,438,453,258
15.6,15.7,100%,424,437,451,259
15.6,15.7,100%,424,438,452,257
15.5,15.7,100%,423,438,456,255
15.6,15.7,100%,423,436,454,259
15.6,15.7,100%,423,437,454,260
15.5,15.7,100%,421,437,457,257
15.5,15.7,100%,423,437,454,257
15.5,15.7,100%,421,437,455,258
15.5,15.7,100%,422,437,456,260
15.5,15.7,100%,421,437,457,260
15.4,15.7,100%,423,438,455,257
15.4,15.7,100%,420,437,458,259
15.5,15.7,100%,423,438,454,258
15.5,15.7,100%,423,437,456,258
15.5,15.7,100%,421,436,457,260
15.5,15.7,100%,423,437,455,259
15.5,15.7,100%,424,437,454,260
15.6,15.7,100%,423,437,455,259
15.5,15.7,100%,421,436,456,259
15.5,15.7,100%,421,438,460,257
15.5,15.7,100%,424,437,454,258
15.6,15.7,100%,424,437,454,257
15.6,15.7,100%,423,436,453,258
15.6,15.7,100%,423,437,454,260
15.7,15.7,100%,422,437,456,259
15.6,15.7,100%,426,438,451,258
15.7,15.7,100%,423,437,454,260
15.7,15.7,100%,423,436,455,260
15.8,15.7,100%,421,437,458,261
15.8,15.7,100%,423,437,454,259
15.8,15.7,99%,424,439,454,255
15.9,15.7,100%,422,438,456,259
15.9,15.7,100%,421,437,456,259
15.9,15.7,100%,424,439,453,255
15.9,15.7,100%,423,438,453,257
15.9,15.7,100%,422,437,456,261
15.9,15.7,100%,423,437,455,260
16.0,15.7,100%,424,437,453,259
15.9,15.7,100%,423,437,454,259
15.9,15.7,100%,421,437,456,259
15.9,15.7,100%,421,437,457,259
16.0,15.7,100%,424,437,453,259
15.9,15.7,100%,423,437,455,258
15.9,15.7,100%,422,437,455,260
15.9,15.7,100%,423,438,453,257
15.9,15.7,100%,422,437,455,260
15.9,15.7,100%,422,437,456,258
16.0,15.7,100%,422,438,457,258
15.9,15.7,100%,424,438,454,258
15.9,15.7,100%,425,437,452,257
15.9,15.7,100%,424,437,454,257
15.9,15.7,100%,423,438,454,257
15.8,15.7,100%,423,437,456,258
15.9,15.7,100%,424,438,453,256
15.9,15.7,100%,424,437,454,257
15.9,15.7,100%,423,438,455,258
15.9,15.7,100%,424,438,453,256
15.9,15.7,100%,424,437,455,259
15.9,15.7,100%,424,437,453,256
15.9,15.7,100%,424,437,454,258
15.9,15.7,100%,423,437,454,258
15.9,15.7,100%,423,436,453,260
15.9,15.7,100%,423,437,455,260
15.9,15.7,100%,424,437,454,260
15.9,15.7,100%,424,437,451,258
16.0,15.7,100%,424,438,454,257
15.9,15.7,100%,421,437,456,261
16.0,15.7,100%,423,438,455,257
16.0,15.7,100%,425,438,452,256
15.9,15.7,100%,422,437,457,259
16.0,15.7,100%,423,437,454,258
15.8,15.7,100%,423,437,453,258
15.8,15.7,100%,422,438,455,257
15.8,15.7,100%,423,437,455,259
15.8,15.7,100%,422,437,456,258
15.8,15.7,100%,424,437,452,259
15.8,15.7,100%,424,436,453,259
15.8,15.7,100%,424,436,453,259
15.8,15.7,100%,424,439,453,256
15.8,15.7,100%,424,438,455,258
15.8,15.7,100%,425,438,454,259
15.8,15.7,100%,424,438,453,257
15.9,15.7,100%,423,438,454,256
15.9,15.7,100%,425,438,450,253
15.9,15.7,100%,424,438,451,254
15.9,15.7,100%,423,436,453,258
15.9,15.9,100%,422,437,455,257
15.9,15.9,100%,421,436,457,259
15.9,15.9,100%,422,436,457,259
15.9,15.9,100%,420,436,459,260
15.9,15.9,100%,423,438,453,257
15.9,15.9,100%,423,437,454,256
15.9,15.9,100%,423,436,454,259
15.8,15.9,100%,422,436,454,258
15.8,15.9,100%,423,437,456,257
15.8,15.9,100%,425,439,452,255
15.9,15.9,100%,422,436,455,259
15.8,15.9,100%,424,437,452,259
15.7,15.9,100%,426,438,448,255
15.6,15.9,100%,424,437,451,257
15.6,15.9,100%,424,437,452,258
15.5,15.9,100%,424,437,454,258
15.5,15.9,100%,423,437,454,258
15.4,15.9,100%,422,437,456,258
15.4,15.9,100%,424,438,452,258
15.3,15.9,100%,425,436,452,258
15.3,15.9,100%,423,437,452,257
15.2,15.9,100%,423,436,454,259
15.3,15.9,100%,424,438,453,254
15.2,15.9,100%,424,436,453,261
15.2,15.9,100%,423,436,453,259
15.3,15.9,100%,423,436,454,256
15.3,15.9,100%,423,437,455,258
15.4,15.9,100%,422,437,457,257
15.4,15.9,100%,422,436,456,261
15.5,15.9,100%,423,436,453,258
15.5,15.9,100%,423,437,456,258
15.5,15.9,100%,423,437,456,258
15.5,15.9,100%,424,439,455,257
15.5,15.9,100%,422,437,457,259
15.6,15.9,100%,421,437,456,258
15.5,15.9,100%,419,436,458,259
15.5,15.9,100%,421,436,457,259
15.5,15.9,100%,421,438,457,257
15.5,15.9,100%,422,437,457,257
15.6,15.9,100%,423,437,454,257
15.5,15.9,100%,421,436,456,257
15.5,15.9,100%,422,437,456,259
15.4,15.9,100%,423,436,454,259
15.5,15.9,100%,423,438,454,255
15.5,15.9,100%,423,436,455,260
15.5,15.9,100%,424,436,452,261
15.4,15.9,100%,422,437,457,259
15.5,15.5,100%,422,438,455,260
15.4,15.5,100%,423,437,454,259
15.5,15.5,100%,422,438,455,258
15.4,15.5,100%,423,437,455,259
15.4,15.5,100%,424,436,453,258
15.5,15.5,100%,420,436,458,261
15.5,15.5,100%,422,438,457,259
15.5,15.5,100%,422,436,458,261
15.5,15.5,100%,421,438,457,258
15.5,15.5,100%,423,438,454,258
15.6,15.5,100%,421,437,456,260
15.6,15.5,100%,422,438,456,257
15.6,15.5,100%,424,437,453,258
15.6,15.5,100%,423,438,456,257
15.7,15.5,100%,423,437,453,259
15.7,15.5,100%,421,437,456,259
15.8,15.5,100%,422,438,456,258
15.8,15.5,100%,421,438,458,256
15.8,15.5,100%,423,438,455,258
15.8,15.5,100%,422,438,454,255
15.8,15.5,100%,424,439,453,256
15.8,15.5,100%,423,438,454,255
15.7,15.5,100%,421,438,458,258
15.7,15.5,100%,421,438,457,260
15.7,15.5,100%,421,438,459,256
15.7,15.5,100%,423,437,456,257
15.6,15.5,100%,424,438,454,256
15.6,15.5,100%,422,438,457,257
15.5,15.5,100%,421,438,458,257
15.6,15.5,100%,422,438,457,256
15.5,15.5,100%,423,438,455,257
15.6,15.5,100%,421,437,458,257
15.5,15.5,100%,422,437,457,257
15.6,15.5,100%,422,438,457,257
15.5,15.5,100%,423,438,457,254
15.5,15.5,100%,424,437,454,258
15.6,15.5,100%,421,438,456,257
15.6,15.5,100%,422,438,458,256
15.6,15.5,100%,422,439,459,254
15.7,15.5,100%,422,438,459,256
15.7,15.5,100%,423,438,455,258
15.7,15.5,100%,423,439,458,253
15.7,15.5,100%,422,437,458,257
15.7,15.5,100%,423,437,457,259
15.7,15.5,100%,423,438,456,257
15.7,15.5,100%,422,438,458,255
15.7,15.5,100%,423,438,457,257
15.7,15.7,100%,422,439,457,256
15.7,15.7,100%,421,437,458,258
15.7,15.7,100%,422,438,458,255
15.7,15.7,100%,423,437,455,258
15.6,15.7,100%,422,438,458,256
15.7,15.7,100%,422,438,456,257
15.6,15.7,100%,423,438,456,256
15.6,15.7,100%,425,438,454,255
15.6,15.7,100%,422,437,458,256
15.6,15.7,100%,422,439,457,254
15.7,15.7,100%,426,438,454,256
15.7,15.7,100%,424,438,455,258
15.7,15.7,100%,422,438,457,258
15.7,15.7,100%,423,438,456,256
15.7,15.7,100%,423,438,456,257
15.7,15.7,100%,422,438,457,257
15.7,15.7,100%,421,437,456,258
15.7,15.7,100%,423,438,455,258
15.7,15.7,100%,423,437,454,260
15.7,15.7,100%,421,437,457,257
15.7,15.7,100%,422,438,456,254
15.7,15.7,100%,424,438,454,258
15.7,15.7,100%,423,438,456,256
15.6,15.7,100%,421,438,459,259
15.6,15.7,100%,422,439,458,257
15.5,15.7,100%,423,439,456,256
15.5,15.7,100%,421,437,459,259
15.4,15.7,100%,423,439,456,256
15.4,15.7,100%,423,438,455,257
15.3,15.7,100%,423,439,457,254
15.4,15.7,100%,423,439,456,256
15.4,15.7,100%,424,438,453,257
15.5,15.7,100%,423,439,455,255
15.5,15.7,100%,424,440,453,254
15.6,15.7,100%,423,439,455,255
15.6,15.7,100%,425,439,455,255
15.6,15.7,100%,425,439,455,254
15.6,15.7,100%,424,439,453,255
15.7,15.7,100%,424,438,454,258
15.7,15.7,100%,425,439,451,256
15.7,15.7,100%,423,439,455,253
15.7,15.7,100%,424,439,453,256
15.7,15.7,100%,422,438,456,259
15.8,15.7,100%,423,439,455,256
15.8,15.7,100%,423,440,457,254
15.8,15.7,100%,424,441,456,254
15.7,15.7,100%,423,440,456,255
15.7,15.6,100%,422,440,457,255
15.7,15.6,100%,423,439,456,256
15.8,15.6,100%,423,440,457,256
15.7,15.6,100%,423,440,458,254
15.7,15.6,100%,423,440,456,255
15.7,15.6,100%,421,440,458,254
15.7,15.6,100%,422,440,459,255
15.8,15.6,100%,423,441,456,252
15.7,15.6,100%,423,439,456,256
15.7,15.6,100%,424,439,455,255
15.7,15.6,100%,423,438,456,258
15.7,15.6,100%,423,439,458,257
15.7,15.6,100%,422,440,456,256
15.7,15.6,100%,425,440,456,256
15.7,15.6,100%,424,440,456,256
15.7,15.6,100%,422,440,456,255
15.7,15.6,100%,422,440,457,256
15.6,15.6,100%,422,440,458,256
15.5,15.6,100%,424,440,456,257
15.6,15.6,100%,424,441,456,254
15.6,15.6,100%,425,440,455,255
15.6,15.6,100%,425,441,454,254
15.7,15.6,100%,425,441,455,254
15.7,15.6,100%,423,440,458,256
15.7,15.6,100%,423,439,456,255
15.7,15.6,100%,424,439,456,256
15.8,15.6,100%,424,438,454,258
15.8,15.6,100%,424,439,456,255
15.8,15.6,100%,424,441,456,253
15.8,15.6,100%,425,440,454,255
15.8,15.6,100%,423,439,457,256
15.8,15.6,100%,423,439,456,256
15.8,15.6,100%,422,440,459,255
15.8,15.6,100%,423,440,456,257
15.8,15.6,100%,424,440,456,256
15.8,15.6,100%,424,439,456,257
15.8,15.6,100%,423,440,458,257
15.8,15.6,100%,423,439,457,257
15.8,15.6,100%,423,439,456,259
15.8,15.6,100%,422,439,456,257
15.6,15.6,100%,424,440,456,254
15.6,15.6,100%,423,439,457,257
15.5,15.6,100%,424,439,455,256
15.5,15.6,100%,422,440,457,256
15.5,15.6,100%,423,439,455,256
15.6,15.6,100%,424,439,453,256
15.6,15.6,100%,424,439,456,255
15.6,15.6,100%,425,439,454,255
15.7,15.7,100%,423,440,456,255
15.7,15.7,100%,424,440,456,258
15.7,15.7,100%,424,441,456,253
15.7,15.7,100%,422,441,458,254
15.8,15.7,100%,423,439,457,258
15.7,15.7,100%,424,439,456,254
15.7,15.7,100%,424,440,456,255
15.8,15.7,100%,422,440,459,256
15.8,15.7,100%,423,439,456,257
15.8,15.7,100%,423,438,456,258
15.8,15.7,100%,424,439,456,255
15.8,15.7,100%,425,439,454,257
15.8,15.7,100%,423,438,457,259
15.8,15.7,100%,423,440,456,256
15.9,15.7,100%,422,438,457,257
15.9,15.7,100%,425,439,453,256
15.9,15.7,100%,423,439,455,257
15.9,15.7,100%,424,439,454,256
15.9,15.7,100%,423,438,456,258
15.9,15.7,100%,425,438,455,257
15.9,15.7,100%,426,438,453,259
15.9,15.7,100%,426,438,453,259
15.9,15.7,99%,428,438,451,256
15.9,15.7,100%,428,438,452,257
15.9,15.7,99%,429,438,453,257
15.8,15.7,100%,429,439,455,258
15.7,15.7,100%,430,438,454,259
15.8,15.7,99%,430,439,455,258
15.6,15.7,100%,427,439,457,257
15.6,15.7,100%,429,439,453,257
15.5,15.7,100%,430,440,453,251
15.6,15.7,100%,432,439,453,253
15.6,15.7,100%,432,439,455,256
15.6,15.7,99%,432,440,457,255
15.6,15.7,99%,433,439,456,255
15.6,15.7,99%,432,440,458,253
15.7,15.7,100%,433,439,457,257
15.7,15.7,99%,434,438,458,254
15.7,15.7,99%,435,441,459,251
15.7,15.7,99%,435,440,458,253
15.8,15.7,100%,437,440,456,253
15.8,15.7,99%,436,438,456,254
15.8,15.7,100%,437,439,458,253
15.8,15.7,100%,438,438,456,256
15.8,15.7,100%,438,440,461,251
15.8,15.7,100%,437,440,465,253
15.8,15.7,100%,440,440,462,252
15.8,15.7,99%,441,441,460,250
15.8,15.8,99%,441,442,460,248
15.9,15.8,100%,442,442,457,247
15.8,15.8,100%,444,440,456,247
15.7,15.8,99%,446,439,456,252
15.7,15.8,100%,446,440,458,250
15.6,15.8,100%,449,440,453,248
15.6,15.8,100%,448,440,456,248
15.4,15.8,100%,450,441,456,246
15.4,15.8,100%,451,440,454,248
15.5,15.8,100%,453,439,453,249
15.4,15.8,100%,453,440,453,244
15.5,15.8,100%,455,440,450,245
15.5,15.8,100%,456,439,450,245
15.5,15.8,100%,454,441,453,241
15.6,15.8,100%,458,439,450,243
15.6,15.8,100%,460,438,448,246
15.5,15.8,99%,456,439,456,250
15.6,15.8,100%,456,439,459,247
15.6,15.8,100%,456,440,461,244
15.7,15.8,100%,459,439,460,246
15.7,15.8,100%,458,440,463,246
15.7,15.8,100%,462,440,459,243
15.8,15.8,100%,462,440,463,241
15.8,15.8,100%,462,440,464,245
15.8,15.8,100%,464,439,461,240
15.8,15.8,100%,464,440,460,242
15.8,15.8,100%,463,441,469,245
15.8,15.8,100%,468,440,463,241
15.8,15.8,100%,472,441,457,243
15.8,15.8,100%,476,440,459,243
15.8,15.8,100%,478,441,452,241
15.8,15.8,100%,480,441,454,239
15.9,15.8,100%,482,440,456,241
15.8,15.8,100%,483,438,449,241
15.8,15.8,100%,485,439,453,238
15.8,15.8,100%,488,441,456,237
15.8,15.8,100%,490,441,446,237
15.8,15.8,100%,489,439,451,240
15.8,15.8,100%,487,440,461,236
15.8,15.8,100%,491,440,451,239
15.8,15.8,100%,490,440,464,236
15.7,15.8,100%,489,440,465,236
15.7,15.8,100%,498,442,459,233
15.7,15.8,100%,495,441,466,233
15.7,15.8,100%,496,439,465,235
15.7,15.8,100%,500,438,467,240
15.7,15.8,100%,500,441,466,229
15.7,15.7,100%,500,439,467,233
15.8,15.7,100%,501,441,469,236
15.8,15.7,100%,499,439,472,237
15.7,15.7,100%,504,440,467,237
15.8,15.7,100%,503,441,470,236
15.8,15.7,100%,506,445,466,228
15.9,15.7,99%,511,443,461,236
15.9,15.7,99%,510,444,463,230
15.8,15.7,98%,512,444,461,229
15.8,15.7,98%,508,442,470,235
15.8,15.7,99%,509,443,467,232
15.8,15.7,99%,510,443,466,232
15.8,15.7,99%,517,440,473,235
15.8,15.7,99%,508,441,471,234
15.8,15.7,98%,517,442,474,230
15.8,15.7,99%,521,438,468,233
15.8,15.7,98%,522,443,464,225
15.9,15.7,99%,522,441,468,230
15.8,15.7,99%,525,441,462,227
15.8,15.7,99%,524,438,464,231
15.8,15.7,99%,525,440,465,228
15.8,15.7,99%,526,438,464,229
15.8,15.7,99%,528,439,462,226
15.8,15.7,99%,530,442,460,220
15.8,15.7,98%,536,446,450,216
15.8,15.7,99%,534,445,460,219
15.8,15.7,99%,539,440,454,226
15.8,15.7,99%,538,438,456,232
15.8,15.7,100%,541,440,453,231
15.8,15.7,100%,542,438,455,237
15.8,15.7,100%,540,440,457,231
15.7,15.7,100%,540,440,456,231
15.8,15.7,99%,545,440,448,233
15.8,15.7,100%,543,439,454,235
15.8,15.7,100%,546,440,450,236
15.8,15.7,100%,546,442,453,233
15.8,15.7,100%,550,443,449,231
15.8,15.7,100%,549,443,454,228
15.8,15.7,100%,546,441,457,235
15.6,15.7,100%,546,439,453,238
15.7,15.7,100%,546,439,457,237
15.6,15.7,100%,550,440,454,234
15.6,15.7,100%,553,440,451,235
15.6,15.7,100%,550,443,452,230
15.5,15.7,100%,552,441,452,231
15.5,15.7,100%,551,442,454,229
15.4,15.7,100%,550,442,456,228
15.4,15.7,100%,549,437,457,239
15.3,15.7,100%,549,440,455,232
15.4,15.7,100%,548,441,460,231
15.4,15.7,100%,549,442,461,233
15.5,15.7,100%,551,441,454,228
15.5,15.7,100%,555,442,453,226
15.6,15.7,100%,553,443,454,229
15.6,15.7,100%,556,441,448,233
15.6,15.7,100%,557,442,453,227
15.6,15.7,100%,556,441,450,229
15.7,15.7,100%,557,442,449,228
15.7,15.7,99%,553,441,456,231
15.7,15.7,99%,553,442,454,229
15.7,15.7,99%,553,444,453,228
15.7,15.7,99%,554,444,457,228
15.7,15.7,100%,559,445,448,227
15.7,15.7,99%,559,445,446,228
15.7,15.7,100%,555,446,450,226
15.7,15.7,99%,556,445,449,227
15.8,15.7,100%,556,446,449,227
15.7,15.7,100%,557,443,449,233
15.7,15.7,100%,554,443,450,230
15.7,15.7,100%,555,444,447,231
15.7,15.7,100%,555,444,453,234
15.7,15.7,100%,552,444,452,231
15.6,15.7,100%,550,445,455,231
15.5,15.7,100%,550,446,457,229
15.6,15.7,100%,553,445,452,231
15.5,15.7,100%,552,444,456,233
15.6,15.7,100%,553,443,451,234
15.5,15.7,100%,554,444,446,230
15.5,15.7,100%,555,443,448,233
15.6,15.7,99%,552,441,452,233
15.6,15.7,100%,550,443,458,233
15.7,15.7,100%,549,446,458,229
15.7,15.7,100%,547,443,458,232
15.7,15.7,100%,547,444,457,235
15.7,15.7,100%,545,444,460,235
15.7,15.7,100%,548,444,457,232
15.7,15.7,100%,547,445,456,232
15.7,15.7,100%,544,443,461,234
15.8,15.7,100%,542,444,460,230
15.8,15.7,100%,539,440,463,241
15.8,15.7,100%,541,444,461,232
15.8,15.7,100%,537,443,465,234
15.8,15.7,100%,536,443,466,235
15.8,15.7,100%,533,441,468,235
15.8,15.7,100%,532,440,468,240
15.8,15.7,100%,529,442,470,235
15.9,15.8,100%,526,440,475,240
15.9,15.8,100%,526,440,476,240
15.9,15.8,99%,524,440,473,235
15.9,15.8,100%,527,440,469,238
15.9,15.8,100%,526,438,474,241
15.9,15.8,100%,522,438,475,241
15.9,15.8,100%,526,439,472,239
15.9,15.8,100%,524,440,474,236
15.9,15.8,100%,526,440,468,234
15.9,15.8,100%,523,438,468,240
15.9,15.8,100%,523,437,470,242
15.9,15.8,100%,521,438,473,240
15.9,15.8,100%,520,439,474,240
15.8,15.8,100%,522,437,470,241
15.8,15.8,100%,518,436,473,243
15.9,15.8,100%,519,437,470,242
15.9,15.8,100%,518,438,472,239
15.9,15.8,99%,517,438,472,240
15.9,15.8,99%,520,439,466,243
15.9,15.8,100%,519,439,466,244
15.9,15.8,99%,519,440,466,238
15.9,15.8,99%,511,438,464,243
15.9,15.8,99%,510,438,465,247
15.9,15.8,99%,511,438,463,250
15.7,15.8,99%,511,438,462,246
15.7,15.8,99%,512,439,459,241
15.6,15.8,99%,513,437,460,247
15.6,15.8,99%,511,439,460,245
15.5,15.8,100%,508,440,464,243
15.6,15.8,100%,509,439,462,243
15.5,15.8,100%,510,436,461,247
15.6,15.8,100%,508,439,462,249
15.5,15.8,99%,508,440,461,246
15.4,15.8,100%,507,437,461,246
15.4,15.8,100%,505,439,461,244
15.4,15.8,100%,508,438,458,251
15.3,15.8,100%,502,439,462,247
15.2,15.8,100%,502,439,464,245
15.3,15.8,100%,497,438,468,246
15.2,15.8,100%,495,437,468,250
15.2,15.8,100%,496,437,469,250
15.2,15.8,100%,494,441,468,245
15.2,15.8,100%,492,439,469,244
15.1,15.8,100%,490,439,475,245
15.1,15.8,100%,496,436,465,249
15.1,15.8,100%,494,437,466,250
15.2,15.8,100%,488,438,468,245
15.1,15.4,100%,492,439,464,245
15.1,15.4,100%,490,439,467,246
15.1,15.4,100%,486,438,468,246
15.1,15.4,100%,481,441,477,246
15.1,15.4,100%,485,441,463,244
15.2,15.4,100%,482,443,463,241
15.2,15.4,100%,481,441,468,246
15.3,15.4,100%,476,441,467,245
15.3,15.4,100%,473,442,470,245
15.4,15.4,100%,474,442,469,244
15.3,15.4,100%,473,441,461,245
15.3,15.4,100%,469,443,472,244
15.4,15.4,100%,468,442,467,242
15.3,15.4,100%,466,443,466,241
15.3,15.4,100%,460,444,474,248
15.2,15.4,100%,462,443,467,244
15.3,15.4,100%,456,442,473,250
15.2,15.4,100%,459,440,464,252
15.3,15.4,100%,454,441,467,248
15.2,15.4,100%,452,440,468,253
15.3,15.4,100%,453,438,465,255
15.4,15.4,100%,449,440,468,254
15.4,15.4,100%,448,438,464,252
15.5,15.4,100%,450,438,460,255
15.5,15.4,100%,447,439,462,252
15.5,15.4,100%,446,440,462,253
15.4,15.4,100%,444,441,463,254
15.4,15.4,100%,443,440,460,256
15.4,15.4,100%,441,440,461,256
15.4,15.4,100%,437,439,464,255
15.3,15.4,100%,437,438,463,260
15.2,15.4,100%,435,440,466,256
15.2,15.4,100%,432,439,469,263
15.3,15.4,100%,431,439,464,258
15.3,15.4,100%,432,440,462,256
15.4,15.4,100%,429,438,466,261
15.4,15.4,100%,427,440,467,260
15.4,15.4,100%,428,438,465,258
15.5,15.4,100%,425,438,459,262
15.6,15.4,100%,420,435,468,267
15.6,15.4,100%,418,434,462,273
15.6,15.4,100%,414,435,464,270
15.6,15.4,100%,408,434,470,273
15.6,15.4,100%,407,434,468,272
15.4,15.4,100%,403,433,468,276
15.5,15.4,100%,398,430,472,282
15.4,15.4,100%,395,432,474,277
15.3,15.4,100%,394,431,474,282
15.3,15.4,99%,387,434,482,277
15.3,15.4,100%,387,433,482,278
15.3,15.4,99%,379,431,475,281
15.2,15.4,99%,380,431,474,283
15.2,15.4,99%,380,434,471,278
15.2,15.4,100%,378,435,470,275
15.1,15.4,100%,375,435,473,275
15.2,15.4,99%,374,439,471,270
15.3,15.4,100%,371,438,471,276
15.3,15.4,100%,371,440,470,275
15.2,15.4,100%,365,439,475,276
15.3,15.4,100%,359,440,479,274
15.3,15.4,100%,357,440,479,276
15.3,15.4,100%,358,440,475,274
15.3,15.4,100%,354,441,478,273
15.3,15.4,100%,350,438,480,280
15.3,15.4,100%,346,440,480,277
15.3,15.4,100%,347,437,478,280
15.3,15.4,100%,343,437,481,281
15.3,15.4,100%,338,437,485,277
15.3,15.4,100%,335,437,485,280
15.1,15.4,100%,331,438,484,281
15.1,15.4,100%,330,440,486,280
15.2,15.4,100%,328,438,485,279
15.2,15.4,100%,325,440,483,281
15.3,15.4,100%,327,439,481,276
15.3,15.4,100%,325,440,480,277
15.3,15.4,100%,323,442,481,279
15.3,15.4,100%,320,442,482,277
15.3,15.4,100%,319,442,482,277
15.3,15.4,100%,320,442,476,279
15.3,15.4,100%,314,442,487,279
15.3,15.4,100%,318,443,479,280
15.4,15.4,100%,313,443,481,280
15.4,15.4,100%,314,445,480,277
15.3,15.4,100%,315,444,479,278
15.3,15.4,100%,313,439,482,286
15.4,15.4,100%,309,443,486,280
15.3,15.4,100%,311,443,482,280
15.3,15.4,100%,308,442,483,283
15.2,15.4,100%,304,442,486,284
15.2,15.4,100%,302,443,489,281
15.2,15.4,100%,304,441,486,285
15.2,15.4,100%,305,440,482,287
15.2,15.4,100%,303,441,486,286
15.2,15.2,100%,304,443,482,285
15.1,15.2,100%,305,445,479,279
15.2,15.2,100%,302,441,482,285
15.1,15.2,100%,305,444,479,282
15.2,15.2,100%,301,445,481,281
15.2,15.2,100%,297,444,485,282
15.3,15.2,100%,298,440,483,289
15.3,15.2,100%,297,442,483,287
15.4,15.2,100%,296,444,486,284
15.4,15.2,100%,295,447,486,279
15.5,15.2,100%,293,446,485,280
15.4,15.2,100%,295,446,480,283
15.5,15.2,100%,292,446,484,280
15.5,15.2,100%,294,444,479,285
15.5,15.2,100%,291,443,485,287
15.6,15.2,100%,294,441,478,292
15.6,15.2,100%,293,443,476,288
15.6,15.2,100%,290,443,480,287
15.6,15.2,100%,290,444,480,287
15.5,15.2,100%,289,443,480,291
15.3,15.2,100%,288,444,478,288
15.3,15.2,100%,288,444,479,287
15.2,15.2,99%,292,443,475,289
15.2,15.2,100%,281,444,493,302
15.1,15.2,100%,286,442,481,291
15.2,15.2,99%,286,440,477,295
15.2,15.2,100%,287,439,475,296
15.2,15.2,100%,282,441,482,294
15.3,15.2,100%,273,442,497,308
15.4,15.2,100%,271,442,499,307
15.4,15.2,100%,279,439,481,299
15.5,15.2,100%,272,438,493,314
15.5,15.2,100%,273,439,493,310
15.6,15.2,100%,275,436,486,304
15.6,15.2,100%,267,440,502,310
15.7,15.2,100%,275,439,486,298
15.7,15.2,100%,277,438,479,301
15.7,15.2,100%,268,441,496,309
15.8,15.2,100%,275,436,484,304
15.7,15.2,100%,275,435,482,304
15.7,15.2,100%,273,435,484,303
15.7,15.2,100%,275,436,482,302
15.8,15.2,100%,274,436,484,302
15.8,15.2,100%,272,434,485,303
15.8,15.2,100%,271,433,485,306
15.7,15.2,99%,269,434,485,306
15.7,15.2,100%,269,433,485,306
15.6,15.5,100%,268,431,486,308
15.7,15.5,99%,269,432,486,308
15.5,15.5,99%,265,431,490,310
15.5,15.5,99%,264,433,492,309
15.6,15.5,100%,264,434,493,303
15.6,15.5,100%,264,432,491,305
15.6,15.5,100%,265,432,490,306
15.6,15.5,100%,266,434,488,303
15.6,15.5,99%,262,434,492,301
15.7,15.5,99%,261,434,493,306
15.7,15.5,99%,263,432,488,313
15.7,15.5,99%,262,433,491,309
15.7,15.5,99%,261,433,491,310
15.7,15.5,99%,259,432,496,311
15.8,15.5,99%,260,432,493,310
15.8,15.5,99%,259,432,493,308
15.8,15.5,99%,261,431,490,312
15.8,15.5,99%,259,433,492,308
15.8,15.5,99%,250,439,509,314
15.8,15.5,99%,250,440,511,312
15.8,15.5,99%,248,439,512,315
15.8,15.5,99%,248,438,513,315
15.9,15.5,99%,248,439,510,313
15.9,15.5,99%,249,439,510,314
15.8,15.5,99%,251,440,503,315
15.8,15.5,99%,247,442,509,309
15.9,15.5,99%,242,441,522,310
15.8,15.5,99%,245,441,516,311
15.8,15.5,99%,248,441,509,310
15.7,15.5,99%,249,437,489,322
15.8,15.5,99%,249,444,506,310
15.6,15.5,99%,250,438,488,319
15.5,15.5,99%,247,440,492,316
15.5,15.5,99%,247,438,491,321
15.5,15.5,99%,252,436,478,322
15.3,15.5,99%,247,439,487,321
15.3,15.5,99%,248,443,485,319
15.4,15.5,100%,247,441,485,325
15.4,15.5,99%,247,440,486,321
15.4,15.5,100%,246,440,485,323
15.5,15.5,99%,245,440,488,320
15.5,15.5,99%,247,441,481,318
15.5,15.5,99%,247,444,481,314
15.5,15.5,99%,248,443,479,318
15.6,15.5,99%,246,442,486,324
15.6,15.5,98%,244,443,488,314
15.6,15.5,97%,240,446,495,310
15.6,15.6,99%,241,444,489,314
15.6,15.6,98%,239,445,491,314
15.7,15.6,99%,237,449,493,310
15.7,15.6,99%,239,449,488,311
15.7,15.6,98%,239,448,486,310
15.7,15.6,98%,237,450,492,308
15.7,15.6,99%,238,452,490,303
15.7,15.6,99%,236,453,495,302
15.7,15.6,99%,241,449,481,307
15.7,15.6,99%,241,448,477,307
15.7,15.6,97%,242,450,480,305
15.6,15.6,99%,239,449,485,309
15.6,15.6,98%,240,448,483,306
15.5,15.6,90%,235,450,494,303
15.6,15.6,56%,242,463,482,279
15.4,15.6,75%,241,456,481,292
15.5,15.6,46%,234,458,493,289
15.4,15.6,86%,239,454,480,297
15.5,15.6,91%,232,457,495,293
15.5,15.6,79%,233,460,491,290
15.6,15.6,99%,239,451,475,308
15.6,15.6,97%,242,456,466,296
15.6,15.6,100%,241,452,466,307
15.6,15.6,99%,242,453,467,305
15.6,15.6,99%,243,452,461,307
15.6,15.6,99%,243,450,459,309
15.7,15.6,100%,238,445,465,320
15.6,15.6,99%,240,448,464,314
15.5,15.6,100%,239,452,466,310
15.5,15.6,100%,238,450,460,315
15.5,15.6,100%,237,449,460,316
15.5,15.6,100%,233,448,467,319
15.5,15.6,100%,237,448,462,317
15.4,15.6,100%,237,450,463,316
15.5,15.6,100%,234,452,465,315
15.5,15.6,100%,230,454,469,315
15.5,15.6,99%,231,448,466,322
15.6,15.6,100%,227,447,474,325
15.5,15.6,100%,231,451,468,317
15.5,15.6,100%,229,450,469,320
15.5,15.6,100%,229,446,467,325
15.4,15.6,100%,228,448,469,325
15.5,15.6,100%,227,448,472,324
15.4,15.6,100%,229,448,470,325
15.3,15.6,100%,227,449,474,323
15.4,15.6,100%,227,451,472,322
15.3,15.6,100%,227,451,470,322
15.3,15.5,100%,218,452,481,318
15.4,15.5,100%,218,453,478,319
15.4,15.5,100%,217,450,482,322
15.5,15.5,100%,228,447,466,325
15.4,15.5,100%,225,450,468,325
15.4,15.5,99%,227,450,468,327
15.4,15.5,100%,225,452,467,322
15.5,15.5,100%,222,451,468,325
15.3,15.5,100%,223,450,470,329
15.4,15.5,100%,224,451,468,323
15.2,15.5,100%,207,449,490,328
15.3,15.5,100%,218,448,477,331
15.3,15.5,100%,215,452,478,327
15.3,15.5,100%,207,451,493,328
15.2,15.5,100%,218,452,478,326
15.3,15.5,100%,217,451,477,327
15.3,15.5,100%,216,454,481,321
15.4,15.5,100%,216,455,477,322
15.4,15.5,100%,206,456,493,319
15.4,15.5,100%,216,454,478,322
15.4,15.5,100%,215,456,475,321
15.5,15.5,100%,214,454,476,323
15.4,15.5,100%,214,455,476,321
15.4,15.5,100%,214,452,474,325
15.3,15.5,100%,212,452,480,322
15.4,15.5,100%,212,452,481,325
15.3,15.5,100%,212,453,484,321
15.2,15.5,100%,211,450,484,324
15.3,15.5,100%,211,450,484,329
15.3,15.5,100%,213,451,480,325
15.4,15.5,100%,213,446,477,333
15.4,15.5,100%,212,444,477,335
15.5,15.5,100%,213,444,474,334
15.5,15.5,100%,208,444,482,335
15.5,15.5,100%,212,441,476,338
15.6,15.5,100%,210,446,477,330
15.6,15.5,100%,212,448,475,329
15.7,15.5,100%,213,450,475,326
15.7,15.5,100%,211,450,479,326
15.7,15.5,100%,210,448,478,327
15.7,15.5,100%,207,447,484,328
15.8,15.5,100%,208,451,481,324
15.8,15.5,100%,210,449,476,326
15.8,15.5,100%,210,446,475,328
15.8,15.5,100%,209,445,477,329
15.8,15.5,100%,211,447,476,326
15.8,15.5,100%,209,448,481,325
15.7,15.5,100%,213,449,476,323
15.7,15.5,100%,210,450,477,322
15.7,15.5,99%,207,450,479,321
15.6,15.5,100%,205,449,481,322
15.6,15.5,100%,206,449,479,322
15.5,15.5,100%,203,448,481,324
15.5,15.5,100%,205,445,476,327
15.5,15.5,100%,204,441,477,332
15.5,15.5,100%,204,444,476,330
15.4,15.5,100%,205,447,472,327
15.5,15.5,100%,205,447,474,326
15.5,15.5,100%,206,450,474,324
15.5,15.5,100%,203,452,480,320
15.5,15.5,99%,201,452,483,319
15.6,15.5,100%,199,450,480,325
15.6,15.5,100%,198,448,480,330
15.6,15.5,100%,199,451,481,327
15.6,15.5,100%,202,451,478,327
15.7,15.5,100%,198,449,484,327
15.7,15.5,100%,200,449,480,326
15.7,15.5,100%,196,446,483,331
15.7,15.5,100%,195,444,485,332
15.7,15.5,100%,198,445,482,330
15.7,15.5,99%,197,446,480,327
15.7,15.5,99%,197,448,482,328
15.6,15.5,99%,198,448,480,328
15.6,15.5,99%,198,447,478,328
15.5,15.5,99%,198,447,480,326
15.6,15.5,100%,199,449,480,324
15.5,15.5,100%,199,448,478,324
15.5,15.5,100%,201,447,477,327
15.5,15.5,99%,201,447,478,326
15.6,15.5,100%,200,447,480,329
15.6,15.5,100%,201,445,479,329
15.6,15.5,99%,201,444,479,328
15.6,15.5,100%,201,445,480,330
15.7,15.5,100%,200,444,481,332
15.7,15.5,100%,200,444,481,330
15.7,15.5,100%,197,447,483,330
15.7,15.5,99%,197,447,482,327
15.7,15.5,99%,200,445,476,328
15.8,15.5,99%,196,445,484,328
15.8,15.5,99%,199,448,480,323
15.8,15.5,100%,195,444,485,328
15.8,15.5,100%,191,444,493,331
15.7,15.5,100%,194,442,493,331
15.7,15.5,100%,195,443,489,330
15.7,15.6,99%,195,444,491,328
15.6,15.6,99%,192,443,494,331
15.6,15.6,99%,194,445,487,327
15.4,15.6,99%,194,441,489,328
15.5,15.6,99%,193,441,492,328
15.4,15.6,99%,191,441,495,329
15.5,15.6,99%,191,439,492,331
15.4,15.6,99%,197,443,481,328
15.5,15.6,99%,195,445,487,328
15.5,15.6,99%,192,441,491,330
15.5,15.6,99%,192,441,490,329
15.5,15.6,99%,190,445,496,324
15.5,15.6,99%,192,443,492,329
15.6,15.6,99%,189,440,500,332
15.6,15.6,99%,187,439,504,334
15.6,15.6,99%,190,442,501,332
15.6,15.6,99%,189,440,504,332
15.6,15.6,99%,185,438,508,338
15.7,15.6,99%,191,442,499,335
15.7,15.6,99%,192,442,499,332
15.7,15.6,99%,190,443,501,332
15.7,15.6,99%,192,439,503,338
15.8,15.6,99%,188,439,507,336
15.8,15.6,99%,191,440,505,338
15.7,15.6,99%,196,445,497,332
15.7,15.6,99%,197,445,498,333
15.7,15.6,99%,197,442,500,335
15.7,15.6,98%,196,440,504,331
15.6,15.6,99%,198,441,502,333
15.7,15.6,99%,199,442,502,333
15.5,15.6,98%,200,441,502,335
15.6,15.6,99%,201,443,500,334
15.4,15.6,99%,202,442,504,336
15.4,15.6,99%,208,434,499,343
15.5,15.6,99%,211,431,494,344
15.5,15.6,99%,213,439,490,335
15.5,15.6,99%,214,436,492,338
15.6,15.6,98%,214,439,492,331
15.6,15.6,99%,215,436,495,334
15.6,15.6,99%,217,440,497,329
15.6,15.6,99%,219,436,493,329
15.6,15.6,99%,223,440,494,324
15.7,15.6,99%,226,440,493,319
15.7,15.6,99%,226,442,492,317
15.7,15.6,99%,229,444,492,314
15.7,15.6,99%,234,443,484,317
15.7,15.6,99%,233,441,489,317
15.7,15.6,98%,234,444,490,315
15.7,15.6,98%,235,444,494,313
15.7,15.6,98%,239,444,489,311
15.7,15.6,97%,236,442,499,315
15.6,15.6,98%,244,446,491,308
15.5,15.6,97%,243,448,494,305
15.5,15.6,97%,251,447,481,301
15.5,15.6,93%,254,446,483,304
15.5,15.6,89%,246,442,513,310
15.6,15.6,96%,250,443,508,307
15.5,15.6,93%,252,442,510,307
15.6,15.6,98%,266,439,483,295
15.6,15.6,97%,268,439,484,294
15.6,15.6,99%,271,442,486,288
15.6,15.6,99%,279,441,477,288
15.6,15.6,99%,280,444,484,281
15.7,15.6,99%,286,443,481,281
15.7,15.6,99%,295,445,479,278
15.7,15.6,99%,299,439,485,291
15.7,15.6,100%,303,437,480,289
15.8,15.6,99%,306,443,480,278
15.8,15.6,99%,310,440,479,276
15.8,15.6,99%,315,441,477,272
15.8,15.6,99%,319,442,474,273
15.9,15.6,100%,320,442,483,271
15.9,15.6,100%,324,441,484,271
15.8,15.6,100%,331,443,486,268
15.8,15.6,100%,336,443,485,264
15.8,15.6,100%,345,436,483,274
15.6,15.6,100%,348,438,485,269
15.5,15.6,100%,354,439,484,265
15.6,15.6,100%,364,440,481,267
15.5,15.6,100%,368,439,484,263
15.3,15.6,100%,374,441,472,254
15.3,15.6,100%,379,442,465,253
15.3,15.6,99%,383,440,465,254
15.4,15.6,99%,385,440,467,255
15.4,15.6,100%,387,443,486,245
15.5,15.6,100%,393,440,485,245
15.5,15.6,100%,399,440,484,244
15.5,15.6,100%,403,441,483,249
15.5,15.6,100%,409,442,477,248
15.6,15.6,100%,414,443,478,246
15.6,15.6,100%,421,445,474,242
15.6,15.6,100%,425,445,474,243
15.6,15.6,100%,430,442,471,247
15.6,15.6,100%,433,442,476,246
15.6,15.6,100%,438,444,472,236
15.7,15.6,100%,445,444,471,236
15.3,15.6,100%,443,445,473,231
15.3,15.6,100%,445,445,478,233
15.3,15.6,100%,448,445,475,231
15.3,15.6,100%,454,445,470,232
15.3,15.6,100%,457,446,472,229
15.3,15.6,100%,461,445,476,230
15.3,15.6,100%,469,446,469,229
15.4,15.6,100%,474,444,470,233
15.5,15.6,100%,472,449,476,220
15.5,15.6,100%,473,448,477,221
15.2,15.6,100%,480,445,476,228
15.3,15.6,100%,486,444,471,231
15.4,15.6,100%,492,444,473,230
15.4,15.6,100%,491,443,476,229
15.4,15.6,100%,491,445,479,225
15.4,15.6,100%,497,445,477,224
15.4,15.6,100%,504,443,472,232
15.5,15.6,100%,502,446,478,228
15.4,15.6,100%,504,445,478,231
15.5,15.6,99%,506,448,475,220
15.4,15.6,100%,507,446,475,234
15.5,15.6,99%,506,450,491,225
15.4,15.6,100%,513,450,483,228
15.5,15.6,100%,520,450,476,224
15.4,15.6,100%,515,452,486,223
15.5,15.6,100%,523,452,480,221
15.5,15.6,100%,522,452,480,219
15.6,15.6,100%,530,452,475,220
15.6,15.6,100%,534,451,473,222
15.6,15.6,100%,537,452,474,220
15.6,15.6,100%,538,452,475,220
15.6,15.6,100%,536,452,480,219
15.6,15.6,100%,539,454,477,213
15.7,15.6,100%,544,452,479,218
15.7,15.6,100%,542,452,486,219
15.6,15.6,100%,545,451,483,216
15.6,15.6,100%,551,452,479,214
15.6,15.6,100%,552,452,479,212
15.6,15.6,100%,555,453,480,211
15.5,15.6,100%,554,449,478,219
15.5,15.6,100%,559,448,474,215
15.5,15.6,100%,558,449,482,214
15.3,15.6,100%,560,450,477,216
15.4,15.6,100%,564,449,472,217
15.4,15.6,100%,565,453,476,214
15.4,15.4,100%,569,451,475,216
15.5,15.4,100%,566,450,476,218
15.5,15.4,100%,569,452,474,214
15.5,15.4,100%,573,453,469,212
15.5,15.4,100%,573,453,469,213
15.6,15.4,100%,573,452,468,216
15.6,15.4,100%,577,451,466,215
15.6,15.4,100%,579,449,465,219
15.6,15.4,100%,574,448,473,226
15.5,15.4,100%,574,449,476,222
15.6,15.4,100%,575,448,473,222
15.5,15.4,100%,577,451,473,221
15.6,15.4,100%,574,449,476,222
15.5,15.4,100%,574,451,476,221
15.4,15.4,100%,577,449,472,222
15.4,15.4,100%,579,450,471,223
15.3,15.4,100%,575,451,477,223
15.1,15.4,100%,576,450,476,223
15.1,15.4,100%,576,450,475,222
15.1,15.4,100%,578,451,474,223
15.2,15.4,100%,580,453,473,221
15.0,15.4,100%,581,452,470,221
15.1,15.4,100%,581,452,469,219
15.2,15.4,100%,581,452,469,222
15.2,15.4,100%,579,452,471,220
15.2,15.4,100%,582,453,467,221
15.3,15.4,100%,583,452,467,221
15.4,15.4,100%,585,453,464,221
15.4,15.4,100%,582,451,468,220
15.5,15.4,100%,581,449,468,224
15.5,15.4,100%,586,451,463,221
15.5,15.4,100%,586,450,462,222
15.5,15.4,100%,586,451,463,222
15.5,15.4,100%,582,453,469,222
15.6,15.4,100%,583,454,469,219
15.5,15.4,100%,584,455,468,220
15.5,15.4,100%,587,456,464,217
15.4,15.4,100%,588,456,462,216
15.4,15.4,100%,586,458,466,216
15.4,15.4,100%,586,458,466,211
15.5,15.4,100%,586,458,468,215
15.5,15.4,100%,582,458,472,215
15.5,15.4,100%,583,457,473,215
15.6,15.4,100%,584,459,471,213
15.6,15.4,100%,588,457,463,214
15.6,15.4,100%,591,457,463,212
15.7,15.4,100%,586,456,469,215
15.7,15.5,100%,588,454,467,218
15.7,15.5,100%,588,453,468,221
15.7,15.5,100%,587,454,468,219
15.8,15.5,100%,587,454,467,218
15.7,15.5,100%,589,454,464,216
15.7,15.5,100%,592,453,460,219
15.6,15.5,100%,591,453,462,220
15.5,15.5,100%,587,451,467,220
15.5,15.5,100%,588,452,464,218
15.5,15.5,100%,590,452,463,218
15.4,15.5,100%,586,451,467,222
15.3,15.5,100%,585,451,470,218
15.4,15.5,100%,585,452,469,220
15.4,15.5,100%,583,451,469,222
15.4,15.5,100%,582,451,469,222
15.5,15.5,100%,581,450,470,221
15.5,15.5,100%,582,450,468,224
15.5,15.5,100%,581,450,472,222
15.6,15.5,100%,583,450,470,220
15.6,15.5,100%,582,449,472,220
15.6,15.5,100%,582,449,471,223
15.7,15.5,100%,580,450,474,224
15.6,15.5,100%,578,449,478,224
15.6,15.5,100%,581,450,474,220
15.6,15.5,100%,579,448,474,225
15.5,15.5,100%,580,447,475,225
15.5,15.5,100%,581,445,473,229
15.4,15.5,100%,580,447,473,222
15.4,15.5,100%,580,447,473,227
15.4,15.5,100%,578,447,476,225
15.3,15.5,100%,582,445,473,228
15.3,15.5,100%,580,448,471,221
15.4,15.5,100%,578,449,472,223
15.5,15.5,100%,575,450,477,224
15.5,15.5,100%,579,447,474,224
15.5,15.5,100%,581,446,471,224
15.5,15.5,100%,582,446,469,223
15.5,15.5,100%,581,446,471,223
15.6,15.5,100%,580,448,470,221
15.6,15.5,100%,580,447,470,219
15.5,15.5,100%,579,447,470,225
15.6,15.5,100%,578,448,476,223
15.4,15.5,100%,577,447,474,225
15.4,15.5,100%,577,446,474,222
15.3,15.5,100%,576,446,474,225
15.4,15.5,100%,575,448,479,222
15.3,15.5,100%,575,449,478,221
15.4,15.4,100%,574,449,478,219
15.3,15.4,100%,576,449,476,220
15.4,15.4,100%,572,449,482,221
15.4,15.4,100%,574,448,482,224
15.4,15.4,100%,574,447,476,227
15.5,15.4,100%,574,448,475,225
15.4,15.4,100%,573,450,476,223
15.5,15.4,100%,574,450,474,224
15.5,15.4,100%,575,449,473,225
15.6,15.4,100%,574,450,474,224
15.5,15.4,100%,574,450,473,221
15.6,15.4,100%,573,449,475,223
15.5,15.4,100%,574,450,471,222
15.4,15.4,100%,573,449,473,225
15.5,15.4,100%,572,449,474,226
15.4,15.4,100%,570,451,475,224
15.4,15.4,100%,570,452,477,224
15.3,15.4,100%,570,451,474,225
15.3,15.4,100%,569,452,476,224
15.2,15.4,100%,569,453,476,223
15.3,15.4,100%,571,452,472,223
15.3,15.4,100%,569,452,477,226
15.3,15.4,100%,571,450,474,227
15.4,15.4,100%,572,451,472,225
15.4,15.4,100%,573,451,469,227
15.5,15.4,100%,572,451,474,224
15.5,15.4,100%,570,453,477,220
15.5,15.4,100%,570,453,478,219
15.5,15.4,100%,572,452,475,222
15.6,15.4,100%,571,453,477,219
15.5,15.4,100%,571,452,476,222
15.6,15.4,100%,570,453,475,223
15.5,15.4,100%,571,452,473,225
15.6,15.4,100%,571,452,472,225
15.6,15.4,100%,568,451,479,227
15.4,15.4,100%,567,452,478,225
15.3,15.4,100%,567,452,477,227
15.3,15.4,100%,570,452,479,226
15.3,15.4,100%,568,452,479,222
15.3,15.4,100%,570,452,476,223
15.4,15.4,100%,571,452,474,224
15.4,15.4,100%,574,452,474,220
15.4,15.4,100%,572,450,475,225
15.4,15.4,100%,573,451,474,221
15.4,15.4,100%,570,450,478,222
15.5,15.4,100%,569,449,479,222
15.5,15.4,100%,569,450,479,221
15.5,15.4,100%,572,450,474,223
15.5,15.4,100%,573,448,473,224
15.6,15.4,100%,572,447,476,229
15.6,15.4,100%,571,449,477,224
15.6,15.4,100%,571,448,478,223
15.7,15.4,100%,572,448,477,224
15.7,15.4,100%,570,450,478,221
15.7,15.4,100%,572,449,473,227
15.7,15.4,100%,572,449,473,223
15.7,15.4,100%,571,449,474,226
15.7,15.4,100%,572,452,473,219
15.7,15.4,100%,572,451,473,222
15.7,15.4,100%,572,451,472,222
15.7,15.4,100%,572,448,472,225
15.7,15.4,100%,576,447,469,224
15.7,15.4,100%,572,446,475,225
15.7,15.4,100%,576,446,468,226
15.7,15.4,100%,574,446,472,225
15.8,15.4,100%,574,447,471,221
15.8,15.4,100%,574,445,474,224
15.8,15.4,100%,573,447,476,219
15.7,15.4,100%,574,447,475,224
15.7,15.4,100%,574,447,473,223
15.7,15.4,100%,571,448,476,221
15.7,15.4,100%,570,449,476,219
15.7,15.4,100%,571,448,476,219
15.7,15.4,100%,570,448,479,222
15.8,15.4,100%,570,447,480,220
15.8,15.4,100%,564,448,488,222
15.8,15.4,100%,563,448,487,221
15.8,15.4,100%,565,449,488,218
15.8,15.4,100%,566,448,483,218
15.8,15.4,100%,564,449,486,219
15.8,15.4,100%,560,450,492,219
15.8,15.4,100%,558,449,493,218
15.8,15.4,100%,560,449,490,220
15.8,15.4,100%,561,449,489,222
15.8,15.4,100%,563,449,486,223
15.8,15.4,100%,564,450,487,220
15.8,15.4,100%,565,450,485,223
15.8,15.4,100%,563,450,489,223
15.8,15.4,100%,564,449,486,220
15.8,15.4,100%,566,450,483,220
15.7,15.4,100%,569,449,478,224
15.8,15.4,100%,571,449,477,222
15.8,15.4,100%,569,450,478,223
15.8,15.4,100%,568,451,481,219
15.8,15.4,100%,569,451,479,219
15.8,15.8,100%,568,451,481,219
15.8,15.8,100%,570,451,477,222
15.8,15.8,100%,571,450,477,223
15.8,15.8,100%,572,450,473,224
15.8,15.8,100%,570,450,475,224
15.8,15.8,100%,567,450,479,223
15.8,15.8,100%,569,451,477,223
15.8,15.8,100%,571,450,474,225
15.8,15.8,100%,569,452,475,221
15.8,15.8,100%,570,452,474,220
15.8,15.8,100%,569,453,477,220
15.8,15.8,100%,570,452,474,219
15.8,15.8,100%,571,453,471,216
15.8,15.8,100%,569,452,475,220
15.8,15.8,100%,569,451,473,223
15.8,15.8,100%,572,450,472,222
15.8,15.8,100%,569,451,473,220
15.8,15.8,100%,570,450,474,222
15.8,15.8,100%,571,450,475,223
15.8,15.8,100%,574,451,472,221
15.8,15.8,100%,570,452,474,217
15.7,15.8,100%,567,451,481,219
15.8,15.8,100%,566,450,481,221
15.8,15.8,100%,569,451,478,220
15.8,15.8,100%,569,451,480,219
15.8,15.8,100%,568,451,483,219
15.8,15.8,100%,566,451,485,220
15.8,15.8,100%,570,450,476,224
15.8,15.8,100%,569,450,480,220
15.8,15.8,100%,570,452,480,218
15.8,15.8,100%,571,451,479,218
15.8,15.8,100%,570,451,480,219
15.8,15.8,100%,572,453,479,215
15.8,15.8,100%,571,451,480,217
15.8,15.8,100%,574,448,475,219
15.7,15.8,100%,571,448,479,221
15.7,15.8,100%,570,449,482,220
15.6,15.8,100%,572,449,477,216
15.6,15.8,100%,572,449,476,217
15.5,15.8,100%,572,448,476,218
15.5,15.8,100%,571,448,475,218
15.4,15.8,100%,571,448,477,218
15.5,15.8,100%,571,448,475,221
15.5,15.8,100%,569,447,479,219
15.6,15.8,100%,570,447,478,220
15.6,15.8,100%,570,446,480,222
15.6,15.8,100%,572,446,476,220
15.6,15.8,100%,570,447,479,221
15.6,15.7,100%,570,446,479,220
15.6,15.7,100%,569,446,477,220
15.7,15.7,100%,570,446,477,223
15.7,15.7,100%,570,446,477,223
15.6,15.7,100%,569,447,479,220
15.6,15.7,100%,571,447,477,220
15.6,15.7,100%,572,448,474,218
15.6,15.7,100%,570,447,479,219
15.5,15.7,100%,571,447,475,219
15.5,15.7,100%,569,448,479,220
15.3,15.7,100%,571,447,476,221
15.2,15.7,100%,570,448,475,219
15.2,15.7,100%,570,447,474,222
15.1,15.7,100%,570,446,474,224
15.0,15.7,100%,572,444,474,227
15.1,15.7,100%,571,447,475,218
15.2,15.7,100%,572,447,477,220
15.1,15.7,100%,570,448,478,221
15.2,15.7,100%,573,448,474,216
15.2,15.7,100%,573,448,474,222
15.2,15.7,100%,573,446,474,221
15.3,15.7,100%,573,448,477,219
15.3,15.7,100%,576,447,471,221
15.4,15.7,100%,574,451,474,218
15.4,15.7,100%,575,452,473,217
15.4,15.7,100%,574,450,472,219
15.5,15.7,100%,573,451,472,222
15.5,15.7,100%,574,450,469,223
15.5,15.7,100%,575,449,471,222
15.6,15.7,100%,575,450,470,221
15.6,15.7,100%,575,450,470,220
15.6,15.7,100%,576,450,469,223
15.7,15.7,100%,573,452,473,219
15.7,15.7,100%,572,453,474,218
15.6,15.7,100%,572,453,475,220
15.6,15.7,100%,572,455,474,218
15.7,15.7,100%,573,454,473,218
15.5,15.7,100%,571,455,476,218
15.4,15.7,100%,571,454,476,217
15.2,15.7,100%,573,453,473,219
15.2,15.7,100%,574,454,471,219
15.3,15.7,100%,572,455,472,219
15.2,15.7,100%,573,455,469,217
15.3,15.7,100%,574,456,468,215
15.2,15.7,100%,572,454,471,222
15.3,15.7,100%,571,455,472,224
15.3,15.3,100%,570,455,471,217
15.4,15.3,100%,571,456,472,218
15.4,15.3,100%,572,456,472,217
15.5,15.3,100%,571,455,474,219
15.5,15.3,100%,573,454,470,219
15.5,15.3,100%,575,454,469,219
15.6,15.3,100%,572,453,473,221
15.6,15.3,100%,575,453,471,219
15.6,15.3,100%,573,454,471,221
15.7,15.3,100%,572,455,474,216
15.6,15.3,100%,571,455,473,217
15.7,15.3,100%,573,455,472,217
15.7,15.3,100%,572,455,472,219
15.7,15.3,100%,575,454,467,217
15.6,15.3,100%,572,454,469,217
15.6,15.3,100%,573,454,466,216
15.5,15.3,100%,572,453,468,219
15.5,15.3,100%,571,453,469,217
15.4,15.3,100%,570,452,470,221
15.5,15.3,100%,573,454,468,221
15.4,15.3,100%,573,455,467,214
15.5,15.3,100%,572,455,468,214
15.4,15.3,100%,572,456,469,213
15.5,15.3,100%,572,455,469,215
15.5,15.3,100%,573,455,470,215
15.5,15.3,100%,572,456,472,212
15.5,15.3,100%,573,454,473,215
15.6,15.3,100%,571,454,474,212
15.6,15.3,100%,571,454,471,212
15.6,15.3,100%,571,452,475,216
15.6,15.3,100%,571,451,474,218
15.6,15.3,100%,570,451,472,216
15.7,15.3,100%,570,451,473,216
15.7,15.3,100%,570,450,474,217
15.7,15.3,100%,569,452,474,214
15.8,15.3,100%,572,452,472,216
15.8,15.3,100%,573,452,469,213
15.7,15.3,100%,573,452,469,213
15.7,15.3,100%,572,450,471,214
15.7,15.3,100%,571,447,468,219
15.7,15.3,100%,569,449,472,214
15.6,15.3,100%,568,450,473,213
15.4,15.3,100%,567,448,476,214
15.4,15.3,100%,571,446,467,217
15.4,15.3,100%,568,446,474,214
15.3,15.3,100%,569,446,474,213
15.2,15.3,100%,569,447,473,210
15.3,15.5,100%,567,447,478,211
15.4,15.5,100%,568,447,475,214
15.4,15.5,100%,568,447,475,215
15.4,15.5,100%,571,445,470,217
15.5,15.5,100%,570,445,469,218
15.5,15.5,100%,567,446,475,215
15.6,15.5,100%,569,447,473,214
15.6,15.5,100%,566,451,478,207
15.6,15.5,100%,569,451,473,210
15.7,15.5,100%,569,451,474,213
15.7,15.5,100%,569,449,476,213
15.7,15.5,100%,569,448,472,216
15.7,15.5,100%,568,450,476,213
15.7,15.5,100%,569,449,472,215
15.7,15.5,100%,570,450,468,214
15.8,15.5,100%,569,450,470,215
15.8,15.5,100%,569,451,472,212
15.8,15.5,100%,571,450,471,212
15.8,15.5,100%,571,451,472,212
15.8,15.5,100%,570,451,472,213
15.8,15.5,100%,570,450,473,217
15.8,15.5,100%,568,450,472,216
15.5,15.5,100%,568,451,473,215
15.2,15.5,100%,569,449,470,220
14.9,15.5,100%,567,451,472,217
14.6,15.5,100%,568,451,472,218
14.5,15.5,100%,569,452,468,218
14.3,15.5,100%,567,452,472,220
14.2,15.5,100%,567,453,473,216
14.0,15.5,100%,566,453,476,214
13.9,15.5,100%,566,453,473,215
13.8,15.5,100%,565,453,477,215
13.7,15.5,100%,565,453,477,217
13.7,15.5,100%,566,453,474,220
13.6,15.5,100%,563,454,478,222
13.4,15.5,100%,567,456,474,218
12.8,15.5,100%,567,457,477,213
12.6,15.5,100%,568,454,473,218
12.1,15.5,100%,566,453,476,219
11.6,15.5,100%,567,454,474,220
11.6,13.3,100%,565,457,478,214
11.3,13.3,100%,566,456,475,217
11.1,13.3,100%,568,454,474,216
11.0,13.3,100%,565,455,475,220
10.8,13.3,100%,564,456,476,216
10.7,13.3,100%,560,455,480,220
10.6,13.3,100%,560,454,479,221
10.5,13.3,100%,556,457,481,217
10.4,13.3,100%,562,455,474,218
10.3,13.3,100%,563,455,472,217
10.2,13.3,100%,563,455,473,217
10.1,13.3,100%,565,455,471,216
10.1,13.3,100%,563,455,473,217
10.0,13.3,100%,564,451,470,222
10.0,13.3,100%,561,452,481,218
9.9,13.3,100%,562,451,480,218
9.9,13.3,100%,563,453,478,216
9.9,13.3,99%,567,449,467,219
9.8,13.3,100%,563,451,475,213
9.8,13.3,100%,564,449,476,218
9.8,13.3,100%,563,449,476,217
9.8,13.3,100%,562,448,475,218
9.7,13.3,100%,564,446,474,222
9.7,13.3,100%,563,447,476,221
9.6,13.3,100%,561,448,476,223
9.7,13.3,100%,563,446,474,223
9.6,13.3,100%,559,448,479,222
9.6,13.3,100%,558,449,484,219
9.6,13.3,100%,555,452,485,215
9.6,9.5,100%,558,450,482,219
9.5,9.5,100%,560,450,479,218
9.5,9.5,100%,561,451,478,219
9.5,9.5,100%,559,449,480,219
9.5,9.5,100%,560,449,477,219
9.5,9.5,100%,556,449,485,220
9.4,9.5,100%,559,449,481,223
9.5,9.5,100%,559,450,482,219
9.5,9.5,100%,561,450,480,216
9.5,9.5,100%,561,447,477,222
9.5,9.5,100%,557,445,483,222
9.5,9.5,100%,561,445,477,220
9.5,9.5,100%,560,445,478,226
9.5,9.5,100%,561,446,475,222
9.5,9.5,100%,564,445,474,226
9.5,9.5,100%,564,444,474,225
9.5,9.5,100%,559,448,477,219
9.5,9.5,100%,562,448,475,219
9.4,9.5,100%,559,448,477,218
9.5,9.5,100%,559,445,478,225
9.5,9.5,100%,561,447,478,223
9.5,9.5,100%,562,448,476,222
9.4,9.5,100%,561,446,476,222
9.5,9.5,100%,561,445,478,221
9.4,9.5,100%,563,447,471,222
9.3,9.5,100%,560,446,475,225
9.4,9.5,100%,561,444,476,226
9.4,9.5,100%,562,443,473,227
9.3,9.5,100%,562,441,477,226
9.4,9.4,100%,561,442,475,229
9.4,9.4,100%,560,442,473,226
9.4,9.4,100%,561,444,472,224
9.4,9.4,100%,561,442,476,230
9.4,9.4,100%,560,443,475,226
9.4,9.4,100%,557,445,478,227
9.4,9.4,100%,560,445,478,222
9.4,9.4,100%,563,444,471,223
9.4,9.4,100%,561,443,476,226
9.4,9.4,100%,560,445,477,227
9.4,9.4,100%,560,446,474,224
9.4,9.4,100%,561,445,474,224
9.4,9.4,100%,561,445,472,220
9.4,9.4,100%,562,446,471,222
9.4,9.4,100%,562,446,474,224
9.3,9.4,100%,562,448,477,221
9.4,9.4,100%,560,449,481,217
9.4,9.4,100%,563,452,477,216
9.4,9.4,100%,565,452,473,216
9.4,9.4,100%,567,451,471,219
9.4,9.4,100%,566,451,473,220
9.5,9.4,100%,566,451,473,221
9.4,9.4,100%,569,451,469,223
9.5,9.4,100%,569,452,470,219
9.5,9.4,100%,567,451,472,221
9.5,9.4,100%,567,451,472,218
9.5,9.4,100%,569,451,469,219
9.5,9.4,100%,569,452,470,217
9.5,9.4,100%,569,452,471,220
9.5,9.4,100%,568,452,474,217
9.5,9.4,100%,569,451,472,222
9.5,9.4,100%,567,452,475,219
9.5,9.4,100%,569,453,473,217
9.5,9.4,100%,570,455,470,216
9.5,9.4,100%,570,453,470,220
9.6,9.4,100%,572,452,469,221
9.5,9.4,100%,573,454,468,219
9.5,9.4,100%,572,453,471,220
9.5,9.4,100%,571,455,476,216
9.6,9.4,100%,571,455,473,218
9.5,9.4,100%,570,453,475,217
9.5,9.4,100%,571,450,474,222
9.5,9.4,100%,571,450,471,220
9.5,9.4,100%,571,451,471,224
9.4,9.4,100%,573,449,473,223
9.4,9.4,100%,571,447,475,224
9.5,9.4,100%,573,447,471,224
9.4,9.4,100%,573,448,472,221
9.4,9.4,100%,573,447,469,224
9.5,9.4,100%,571,449,473,223
9.4,9.4,100%,572,450,473,223
9.4,9.4,100%,571,452,475,217
9.4,9.4,100%,571,451,471,223
9.5,9.4,100%,571,451,472,222
9.5,9.4,100%,569,451,476,221
9.5,9.4,100%,570,450,475,227
9.4,9.4,100%,572,449,476,222
9.5,9.4,100%,572,448,476,222
9.5,9.4,100%,572,446,475,221
9.5,9.4,100%,571,449,476,219
9.5,9.4,100%,571,448,477,218
9.5,9.4,100%,572,449,475,217
9.4,9.4,100%,570,448,477,219
9.5,9.4,100%,571,447,477,220
9.5,9.4,100%,574,448,473,219
9.4,9.4,100%,575,447,473,220
9.5,9.4,100%,576,448,471,220
9.5,9.4,100%,575,448,473,219
9.5,9.4,100%,574,447,472,220
9.5,9.4,100%,572,447,475,223
9.5,9.4,100%,575,447,473,219
9.5,9.4,100%,577,448,471,217
9.5,9.4,100%,576,446,474,222
9.5,9.4,100%,574,446,474,223
9.5,9.4,100%,571,448,477,218
9.5,9.4,100%,573,448,475,220
9.5,9.4,100%,573,449,474,221
9.5,9.4,100%,570,450,482,220
9.5,9.4,100%,573,448,478,222
9.5,9.4,100%,577,449,472,221
9.4,9.4,100%,575,450,476,221
9.5,9.4,100%,573,449,478,226
9.5,9.4,100%,575,451,477,222
9.4,9.4,100%,578,452,476,221
9.5,9.4,100%,579,452,474,221
9.4,9.4,100%,580,453,473,222
9.5,9.4,100%,581,454,474,218
9.4,9.4,100%,582,454,473,216
9.4,9.4,100%,582,453,472,217
9.4,9.4,100%,583,454,471,215
9.5,9.4,100%,584,454,470,216
9.5,9.4,100%,585,453,470,215
9.5,9.4,100%,583,455,472,215
9.5,9.4,100%,585,452,469,219
9.5,9.4,100%,587,452,469,222
9.4,9.4,100%,589,454,467,217
9.5,9.4,100%,589,453,464,217
9.5,9.4,100%,587,453,467,218
9.5,9.4,100%,583,453,473,220
9.5,9.4,100%,584,454,472,217
9.5,9.4,100%,584,454,471,218
9.5,9.4,100%,586,453,475,215
9.5,9.4,100%,587,453,471,214
9.5,9.4,100%,587,454,471,210
9.5,9.4,100%,588,455,469,213
9.6,9.4,100%,587,455,467,215
9.6,9.4,100%,588,455,469,214
9.6,9.4,100%,587,457,472,209
9.6,9.4,100%,590,456,467,213
9.6,9.4,100%,594,459,464,207
9.5,9.4,100%,596,457,464,210
9.6,9.4,100%,593,456,473,208
9.5,9.4,100%,591,454,475,212
9.5,9.4,100%,592,455,474,213
9.5,9.4,100%,591,454,474,214
9.5,9.4,100%,593,454,471,214
9.5,9.5,100%,595,455,473,214
9.6,9.5,100%,593,457,473,213
9.5,9.5,100%,592,458,475,211
9.6,9.5,100%,593,461,473,208
9.6,9.5,100%,594,459,473,208
9.6,9.5,100%,593,461,479,205
9.5,9.5,100%,595,457,474,211
9.4,9.5,100%,592,460,481,209
9.5,9.5,100%,594,457,481,210
9.4,9.5,100%,592,457,482,210
9.4,9.5,100%,594,457,477,210
9.5,9.5,100%,602,456,462,215
9.3,9.5,100%,595,460,483,210
9.5,9.5,100%,597,456,482,210
9.5,9.5,100%,597,455,485,211
9.5,9.5,100%,609,448,460,226
9.5,9.5,100%,599,449,483,218
9.4,9.5,100%,610,446,466,226
9.4,9.5,100%,603,453,477,215
9.4,9.5,100%,604,451,483,215
9.4,9.5,100%,606,448,483,219
9.4,9.5,100%,608,450,480,220
9.5,9.5,100%,609,451,482,219
9.4,9.5,100%,614,448,481,221
9.4,9.5,100%,609,448,484,222
9.4,9.5,100%,614,446,482,224
9.4,9.5,100%,619,444,475,224
9.4,9.5,100%,618,448,475,228
9.4,9.5,100%,621,447,476,220
9.5,9.4,100%,620,447,475,225
9.4,9.4,100%,624,448,472,224
9.5,9.4,100%,626,448,469,222
9.5,9.4,100%,629,448,471,223
9.5,9.4,100%,632,445,467,225
9.4,9.4,100%,629,448,475,222
9.5,9.4,100%,632,447,471,225
9.5,9.4,100%,635,449,466,227
9.5,9.4,100%,630,450,490,227
9.5,9.4,100%,632,444,488,232
9.5,9.4,100%,635,445,483,239
9.5,9.4,100%,638,443,482,235
9.4,9.4,100%,642,443,480,240
9.5,9.4,100%,647,438,474,244
9.5,9.4,100%,646,440,478,238
9.5,9.4,100%,650,440,477,240
9.5,9.4,100%,652,442,473,239
9.5,9.4,100%,651,440,479,235
9.5,9.4,100%,653,442,477,237
9.5,9.4,100%,655,439,477,237
9.5,9.4,100%,656,439,482,243
9.5,9.4,100%,661,441,484,234
9.5,9.4,100%,662,443,488,230
9.5,9.4,100%,662,442,494,226
9.6,9.4,100%,668,438,487,229
9.6,9.4,100%,670,441,487,231
9.6,9.4,100%,671,435,485,237
9.6,9.4,100%,674,432,482,238
9.6,9.4,100%,680,424,478,243
9.6,9.6,100%,682,429,477,246
9.7,9.6,100%,685,430,477,248
9.6,9.6,100%,689,431,474,242
9.7,9.6,100%,693,429,471,249
9.6,9.6,100%,696,434,469,241
9.6,9.6,100%,693,427,477,251
9.6,9.6,100%,698,433,471,251
9.5,9.6,100%,703,429,468,260
9.6,9.6,100%,701,429,470,263
9.5,9.6,100%,703,431,470,261
9.6,9.6,100%,708,433,465,263
9.5,9.6,100%,706,431,468,269
9.5,9.6,100%,708,436,468,264
9.4,9.6,100%,707,434,473,257
9.5,9.6,100%,710,435,469,268
9.5,9.6,100%,713,429,470,281
9.5,9.6,100%,707,432,479,279
9.6,9.6,100%,711,429,477,286
9.5,9.6,100%,717,425,475,278
9.6,9.6,100%,722,425,468,275
9.6,9.6,100%,723,423,468,264
9.5,9.6,100%,725,423,463,271
9.6,9.6,100%,722,421,474,288
9.4,9.6,100%,727,422,473,279
9.4,9.6,100%,725,422,475,277
9.4,9.6,100%,732,422,467,276
9.3,9.6,100%,737,421,462,276
9.5,9.6,100%,730,423,474,276
9.5,9.6,100%,733,420,470,281
9.4,9.4,100%,736,420,468,280
9.4,9.4,100%,737,417,470,286
9.5,9.4,100%,738,419,469,284
9.4,9.4,100%,738,418,473,289
9.5,9.4,100%,738,420,470,289
9.5,9.4,100%,742,423,464,286
9.5,9.4,100%,736,425,473,292
9.5,9.4,100%,739,424,470,313
9.5,9.4,100%,737,422,477,311
9.6,9.4,100%,737,428,474,297
9.6,9.4,100%,736,428,472,296
9.6,9.4,100%,738,424,475,294
9.6,9.4,100%,741,434,473,289
9.6,9.4,100%,742,433,471,286
9.6,9.4,100%,746,429,473,280
9.6,9.4,100%,746,435,473,281
9.6,9.4,100%,748,430,479,281
9.7,9.4,100%,749,433,482,278
9.7,9.4,100%,748,436,482,276
9.6,9.4,100%,752,437,477,277
9.6,9.4,99%,754,435,475,273
9.6,9.4,99%,753,437,476,273
9.6,9.4,100%,753,442,473,264
9.6,9.4,99%,756,446,469,261
9.7,9.4,99%,758,442,467,265
9.7,9.4,99%,755,444,472,262
9.7,9.4,99%,756,444,475,268
9.7,9.4,98%,768,442,466,270
9.7,9.4,98%,769,446,466,262
9.7,9.4,99%,769,444,469,263
9.7,9.7,98%,765,445,472,266
9.7,9.7,98%,771,442,463,270
9.7,9.7,98%,773,441,462,264
9.6,9.7,98%,773,442,463,266
9.7,9.7,96%,771,434,471,277
9.7,9.7,96%,772,442,467,274
9.7,9.7,97%,773,445,464,273
9.7,9.7,98%,772,447,464,264
9.7,9.7,98%,773,445,463,269
9.7,9.7,99%,770,445,470,268
9.7,9.7,98%,771,446,464,269
9.7,9.7,98%,774,447,457,272
